food_nutrient_core_id,fdc_id,description,Calories,Protein_G,Carbs_G,Fat_G,Fiber_G,Sodium_MG
0,319874,hummus sabra classic,,,,,,
1,319877,hummus,225.0668,7.2875,13.5667,16.95,5.45,438.3636
2,319894,hummus other,,,,,,
3,319958,hummus tribe classic,,,,,,
4,320025,milk 2 wave 22e,,,,,,
5,320027,milk 2,30.2813,3.2825,,1.9057,,38.9167
6,320354,beef eye of round roast raw er37,,,,,,
7,320355,beef eye of round steak raw es36,,,,,,
8,320380,se,,,,,,
9,320381,minerals,,,,,,53.8571
10,320385,b12 b6 b3 b2,,,,,,
11,320386,fa,,,,,,
12,320387,choles fa,,,,,,
13,320413,tomatoes grape,13.1872,0.833125,2.1,0.6283,2.1,5.8333
14,321359,milk reduced fat fluid 2 milkfat with added vitamin a and vitamin d,50.0,3.36,4.9,1.9,,39.0
15,321361,salt morton iodized,,,,,,
16,321363,salt iodized,,,,,,38662.5
17,321366,salt not iodized,,,,,,
18,321373,salt great value iodized,,,,,,
19,321379,salt heb iodized,,,,,,
20,321406,salt laura lynn iodized,,,,,,
21,321412,salt essential everyday iodized,,,,,,
22,321429,salt hy vee iodized,,,,,,
23,321458,salt signature kitchens iodized,,,,,,
24,321464,salt food club iodized,,,,,,
25,321475,salt shop rite iodized,,,,,,
26,321505,salt table iodized,0.0,,,,,38700.0
27,321506,beans snap canned drained del monte,,,,,,
28,321510,beans snap canned drained,7.707199999999999,1.0418749999999999,,0.3933,,278.0909
29,321557,beans snap canned drained store brand,,,,,,
30,321591,beans snap canned drained great value,,,,,,
31,321622,broccoli raw ocean mist 4 bunches product of usa nc1,,,,,,
32,321632,broccoli raw 4 bunches product of usa al1,,,,,,
33,321633,broccoli raw 4 bunches ca1,,,,,,
34,321642,broccoli raw 1 bunch ct1,,,,,,
35,321660,broccoli region 1 na yes proximates,11.19,1.875,,0.41,,
36,321706,broccoli region 3 na yes proximates,6.98,1.25,,0.22,,
37,321731,broccoli region 4 na yes proximates,11.53,1.9375,,0.42,,
38,321747,broccoli cooked region 4 na yes proximates,11.23,1.7500000000000002,,0.47,,
39,321775,broccoli region 2 na yes proximates,12.45,2.4375,,0.3,,
40,321793,broccoli cooked region 2 na yes proximates,8.55,1.125,,0.45,,
41,321900,broccoli raw,31.0,2.57,6.27,0.34,2.4,36.0
42,321901,milk 1wave 22e,,,,,,
43,321902,milk 1 wave 22e,,,,,,
44,321903,milk 1,21.3641,3.288125,,0.9124,,39.25
45,322022,milk skim,14.609599999999999,3.3724999999999996,,0.1244,,41.1667
46,322041,milk skim wave 22e,,,,,,
47,322228,milk lowfat fluid 1 milkfat with added vitamin a and vitamin d,43.0,3.38,5.18,0.95,,39.0
48,322559,milk nonfat fluid with added vitamin a and vitamin d fat free or skim,34.0,3.43,4.92,0.08,,41.0
49,322560,milk whole wave 22e,,,,,,
50,322562,milk whole,41.136199999999995,3.2037499999999994,,3.1468,,37.8182
51,322892,milk whole 325 milkfat with added vitamin d,60.0,3.27,4.63,3.2,,38.0
52,322893,hot dogs beef ball park angus,,,,,,
53,322896,hot dogs beef,299.71,11.730625,,28.0875,,871.8235
54,322955,hot dogs beef oscar mayer premium jumbo,,,,,,
55,323044,hot dogs beef hebrew national,,,,,,
56,323122,almonds dry roasted salted blue diamond,,,,,,
57,323127,almonds dry roasted salted,639.0553,24.682499999999997,11.0,57.5917,11.0,255.4615
58,323178,almonds dry roasted salted emerald,,,,,,
59,323205,almonds dry roasted salted store brand,,,,,,
60,323265,almonds dry roasted salted snack artist,,,,,,
61,323280,almonds dry roasted salted great value,,,,,,
62,323295,cheese ricotta whole milk galbani,125.5325,6.453125,,11.08,,89.75
63,323304,cheese ricotta whole milk sorrento,94.3,5.125,,8.2,,98.0
64,323321,ricotta cheese whole milk,,,,,,
65,323342,cheese ricotta whole milk polly,143.0,9.875,,11.5,,161.0
66,323361,cheese ricotta whole milk storeother,135.4425,8.390625,,11.32,,108.25
67,323378,cheese ricotta whole milk lucerne,146.35000000000002,9.8125,,11.9,,109.0
68,323444,cheese ricotta whole milk,157.0,7.81,6.86,11.0,,105.0
69,323445,kale fresh unprepared,,,,,,
70,323448,kale,31.714,2.90625,4.1,1.321,4.1,32.4545
71,323506,egg liquid whole producer c lot 3,,,,,,
72,323507,liquid whole egg plain no salt or sugar,,,,,,
73,323508,whole eggs,141.7763,12.29,,10.2907,,121.4286
74,323513,egg liquid whole producer d lot 3,,,,,,
75,323526,egg liquid whole producer d,,,,,,
76,323533,egg liquid whole producer c,,,,,,
77,323548,egg liquid whole producer a lot 2,,,,,,
78,323562,egg liquid whole producer f lot 3,,,,,,
79,323569,egg liquid whole producer b lot 3,,,,,,
80,323582,egg liquid whole producer f,,,,,,
81,323596,egg liquid whole producer b,,,,,,
82,323605,egg liquid white producer d lot 3,,,,,,
83,323606,liquid egg white without whipping agents,,,,,,
84,323607,egg whites,41.7454,10.08625,,0.1556,,147.8
85,323622,egg liquid white producer c lot 3,,,,,,
86,323646,egg liquid white producer a lot 3,,,,,,
87,323663,egg liquid white producer f lot 3,,,,,,
88,323674,egg liquid white producer b lot 3,,,,,,
89,323698,egg dried white stabilized producer c lot 3,,,,,,
90,323699,dried stabilized egg white,,,,,,
91,323700,egg whites dried,325.3437,79.875,,0.6493,,1250.6667
92,323705,egg dried white stabilized producer e lot 3,,,,,,
93,323710,egg dried white stabilized producer e,,,,,,
94,323729,egg dried white stabilized producer c,,,,,,
95,323736,egg dried white stabilized producer d lot 3,,,,,,
96,323747,egg dried white stabilized producer d,,,,,,
97,323748,egg dried white stabilized producer b lot 3,,,,,,
98,323753,egg dried white stabilized producer b,,,,,,
99,323774,egg dried white stabilized producer a lot 3,,,,,,
100,323786,egg dried white stabilized producer a,,,,,,
101,323794,salsa tostitos chunky,,,,,,
102,323799,salsa,7.2297,1.33875,,0.2083,,656.25
103,323841,salsa pace chunky,,,,,,
104,323888,salsa tostitos chunky medium fl1,,,,,,
105,323889,salsa tostitos chunky medium mo1,,,,,,
106,323897,salsa tostitos chunky medium ct1,,,,,,
107,323898,salsa tostitos chunky medium co1,,,,,,
108,323906,salsa tostitos chunky medium al1,,,,,,
109,323907,salsa tostitos chunky medium ca1,,,,,,
110,323915,salsa tostitos chunky medium in1,,,,,,
111,323916,salsa tostitos chunky medium ny1,,,,,,
112,323932,salsa tostitos chunky medium nc1,,,,,,
113,323933,salsa tostitos chunky medium ca2,,,,,,
114,323948,salsa tostitos chunky medium mi1,,,,,,
115,323949,salsa tostitos chunky medium ok1,,,,,,
116,323964,salsa pace chunky medium ca1,,,,,,
117,323965,salsa pace chunky medium al1,,,,,,
118,323974,salsa pace chunky medium ny1,,,,,,
119,323989,salsa pace chunky medium nc1,,,,,,
120,323991,salsa pace chunky medium ca2,,,,,,
121,324004,salsa pace chunky medium ct1,,,,,,
122,324005,salsa pace chunky medium co1,,,,,,
123,324013,salsa pace chunky medium fl1,,,,,,
124,324014,salsa pace chunky medium mo1,,,,,,
125,324022,salsa pace chunky medium mi1,,,,,,
126,324023,salsa pace chunky medium ok1,,,,,,
127,324038,sauce salsa ready,29.0,1.44,6.74,0.19,1.8,656.0
128,324039,beef breakfast sausage banquet brown n serve sausage links,315.90000000000003,14.625,,28.6,,790.0
129,324053,beef breakfast sausage eckrich sausage links,293.0503,11.6875,,27.3667,,1020.0
130,324135,beef breakfast sausage banquet brown n serve sausage links maple flavor,342.75,12.562499999999998,,32.5,,784.0
131,324157,sausage breakfast sausage beef pre,328.0,13.3,3.37,28.7,,866.0
132,324158,onion rings frozen oven,,,,,,
133,324159,alexia onion rings frozen ca2,,,,,,
134,324160,alexia onion rings frozen nc1,,,,,,
135,324171,ore,,,,,,
136,324175,minerals onion rings frozen ore,,,,,,466.0
137,324176,proximates onion rings frozen ore,133.9503,4.3125,,12.9667,,
138,324178,alexia onion rings frozen mo1,,,,,,
139,324179,alexia onion rings frozen fl,,,,,,
140,324200,tocopherols onion rings frozen ore,,,,,,
141,324201,folate onion rings frozen ore,,,,,,
142,324203,niacin onion rings frozen ore,,,,,,
143,324204,riboflavin onion rings frozen ore,,,,,,
144,324205,selenium onion rings frozen ore,,,,,,
145,324206,sugars onion rings frozen ore,,,,,,
146,324208,fatty acids onion rings frozen ore,,,,,,
147,324210,starch onion rings frozen ore,98.2,,24.55,,,
148,324211,tdf onion rings frozen ore,4.4,,2.2,,2.2,
149,324212,thiamin onion rings frozen ore,,,,,,
150,324213,vitamin b6 onion rings frozen ore,,,,,,
151,324215,alexia onion rings frozen co1,,,,,,
152,324216,alexia onion rings frozen ct1,,,,,,
153,324251,pantothenic acid onion rings frozen ore,,,,,,
154,324253,alexia onion rings frozen in1,,,,,,
155,324254,alexia onion rings frozen ny1,,,,,,
156,324260,kroger onion rings frozen in1,,,,,,
157,324262,kroger sweet onion rings frozen co1,,,,,,
158,324298,alexia onion rings frozen ok1,,,,,,
159,324299,alexia onion rings frozen al 1,,,,,,
160,324319,pickles kosher dill spears vlasic fl,,,,,,
161,324320,pickles kosher dill spears vlasic mo1,,,,,,
162,324326,pickles kosher dill spears vlasic nc1,,,,,,
163,324327,pickles kosher dill spears vlasic ca2,,,,,,
164,324333,pickles kosher dill spears vlasic in1,,,,,,
165,324335,pickles kosher dill spears vlasic ny,,,,,,
166,324340,pickles kosher dill spears vlasic co1,,,,,,
167,324341,pickles kosher dill spears vlasic ct1,,,,,,
168,324353,pickles kosher dill spears clausen in1,,,,,,
169,324355,pickles kosher dill spears clausen ny,,,,,,
170,324360,pickles kosher dill spears clausen nc1,,,,,,
171,324362,pickles kosher dill spears clausen ca2,,,,,,
172,324367,pickles kosher dill spears vlasic mi1,,,,,,
173,324368,pickles kosher dill spears vlasic ok1,,,,,,
174,324384,pickles kosher dill spears vlasic ca1,,,,,,
175,324386,pickles kosher dill spears vlasic al1,,,,,,
176,324402,pickles kosher dill spears clausen ct1,,,,,,
177,324403,pickles kosher dill spears clausen co1,,,,,,
178,324415,pickles kosher dill spears clausen mi1,,,,,,
179,324416,pickles kosher dill spears clausen ok1,,,,,,
180,324422,pickles kosher dill spears clausen ca1,,,,,,
181,324424,pickles kosher dill spears clausen al1,,,,,,
182,324439,pickles kosher dill spears store brand americas choice ny,,,,,,
183,324440,pickles kosher dill spears store brand shop rite ct1,,,,,,
184,324446,pickles kosher dill spears store brand publix fl,,,,,,
185,324447,pickles kosher dill spears store brand hy vee mo1,,,,,,
186,324453,pickles kosher dill spears store brand food lion nc1,,,,,,
187,324454,pickles kosher dill spears store brand sunny select ca2,,,,,,
188,324473,pickles kosher dill spears store brand great value al1,,,,,,
189,324475,pickles kosher dill spears store brand great value ok1,,,,,,
190,324486,pickles kosher dill spears clausen mo1,,,,,,
191,324487,pickles kosher dill spears clausen fl,,,,,,
192,324502,pickles kosher dill spears claussen,,,,,,
193,324505,pickles kosher dill,6.862599999999999,0.458125,,0.5589,,829.3529
194,324515,pickles kosher dill spears store brand kroger mi1,,,,,,
195,324516,pickles kosher dill spears store brand kroger in1,,,,,,
196,324561,pickles kosher dill spears mt olive,,,,,,
197,324598,pickles kosher dill spears vlasic,,,,,,
198,324645,pickles kosher dill spears other,,,,,,
199,324655,peanut butter creamy skippy mi1,,,,,,
200,324663,peanut butter creamy skippy in1,,,,,,
201,324690,peanut butter creamy skippy mo1,,,,,,
202,324692,peanut butter creamy skippy fl,,,,,,
203,324755,peanut butter creamy store brandother brand americas choice ny,,,,,,
204,324799,peanut butter creamy store brandother brand publix fl,,,,,,
205,324855,peanut butter creamy skippy nc1,,,,,,
206,324862,parmesan cheese grated kraft 100 fl,,,,,,
207,324864,parmesan cheese grated kraft 100 mo1,,,,,,
208,324872,parmesan cheese grated kraft 100 ny,,,,,,
209,324874,parmesan cheese grated kraft 100 in1,,,,,,
210,324882,parmesan cheese grated kraft 100 nc1,,,,,,
211,324883,parmesan cheese grated kraft 100 ca2,,,,,,
212,324892,parmesan cheese grated kraft 100 al1,,,,,,
213,324893,parmesan cheese grated kraft 100 ca1,,,,,,
214,324914,parmesan cheese grated store brandother brand price chopper ct1,,,,,,
215,324922,parmesan cheese grated kraft 100 ct1,,,,,,
216,324925,parmesan cheese grated kraft 100 co1,,,,,,
217,324941,parmesan cheese grated kraft 100 ok1,,,,,,
218,324942,parmesan cheese grated kraft 100 mi1,,,,,,
219,324961,parmesan cheese grated store brandother brand my essentials 100 nc1,,,,,,
220,324962,parmesan cheese grated store brandother brand sunnyside farms 100 ca2,,,,,,
221,324971,parmesan cheese grated store brandother brand great value ok1,,,,,,
222,324972,parmesan cheese grated store brandother brand great value al1,,,,,,
223,324990,parmesan cheese grated store brandother brand safeway kitchens ca1,,,,,,
224,324991,parmesan cheese grated store brandother brand safeway kitchens co1,,,,,,
225,325008,parmesan cheese grated store brandother brand flora fine foods 100 pure fl,,,,,,
226,325009,parmesan cheese grated store brandother brand hyvee 100 mo1,,,,,,
227,325018,parmesan cheese grated store brandother brand kroger in1,,,,,,
228,325019,parmesan cheese grated store brandother brand kroger mi1,,,,,,
229,325038,american cheese pasteurized process best choice deluxe ok,,,,,,
230,325040,american cheese pasteurized process great value deluxe al,,,,,,
231,325042,proximates american cheese pasteurized process mixed store brand,338.93219999999997,16.708125,,30.2333,,
232,325047,american cheese pasteurized process kraft ny,,,,,,
233,325049,american cheese pasteurized process kraft in,,,,,,
234,325051,minerals american cheese pasteurized process kraft,,,,,,1676.6667
235,325056,proximates american cheese pasteurized process kraft,350.3822,17.770625000000003,,31.0333,,
236,325057,riboflavin american cheese pasteurized process kraft,,,,,,
237,325059,vitamin b12 american cheese pasteurized process kraft,,,,,,
238,325062,american cheese pasteurized process kraft ca,,,,,,
239,325063,american cheese pasteurized process kraft deli deluxe nc,,,,,,
240,325075,american cheese pasteurized process land,,,,,,
241,325097,american cheese pasteurized process kroger deluxe in,,,,,,
242,325098,american cheese pasteurized process shop rite singles ct,,,,,,
243,325101,american cheese pasteurized process kraft deli deluxe co,,,,,,
244,325104,minerals american cheese pasteurized process kraft deli deluxe,,,,,,1670.0
245,325105,proximates american cheese pasteurized process kraft deli deluxe,345.55,17.3125,,30.7,,
246,325108,american cheese pasteurized process kraft mi,,,,,,
247,325109,american cheese pasteurized process kraft ok,,,,,,
248,325115,american cheese pasteurized process hyvee deluxe sliced mo,,,,,,
249,325116,american cheese pasteurized process sunnyside farms deluxe slices ca,,,,,,
250,325117,fatty acids american cheese pasteurized process mixed store brand,,,,,,
251,325120,american cheese pasteurized process kraft al,,,,,,
252,325132,minerals american cheese pasteurized process kroger deluxe,,,,,,1270.0
253,325134,american cheese pasteurized process lucerne deluxe slices co,,,,,,
254,325135,american cheese pasteurized process lucerne deluxe slices ca,,,,,,
255,325141,american cheese pasteurized process kraft fl,,,,,,
256,325148,american cheese pasteurized process kroger deluxe mi,,,,,,
257,325160,minerals american cheese pasteurized process lucerne deluxe slices,,,,,,1530.0
258,325161,american cheese pasteurized process havily cheese company mo,,,,,,
259,325165,american cheese pasteurized process publix deluxe fl,,,,,,
260,325195,american cheese pasteurized process tropical deluxe ny,,,,,,
261,325199,grapefruit juice white shelf stable store brand,,,,,,
262,325201,grapefruit juice white shelf stable,8.7952,0.5487500000000001,0.25,0.6778,0.25,0.9
263,325219,grapefruit juice white shelf stable ocean spray,,,,,,
264,325263,grapefruit juice white shelf stable signature kitchen,,,,,,
265,325291,peaches raw region 2 na yes,6.78,0.9375,,0.07,1.2000000000000002,15.0
266,325309,peaches raw region 4 na yes,3.2,,,,1.6,23.0
267,325326,peaches raw region 1 na yes,9.18,1.0,,0.22,1.6,17.0
268,325345,peaches raw region 3 na yes,3.6,,,,1.8,21.0
269,325431,sunflower seeds dry roasted salted storeother,,,,,,
270,325437,sunflower seeds dry roasted salted,627.49,24.9875,11.8,55.66,10.3,532.1667
271,325439,sunflower seeds dry roasted salted planters,,,,,,
272,325525,italian pork sausage storeother cooked,326.195,19.71875,,27.48,,814.25
273,325536,italian pork sausage great value cooked,313.25,17.5625,,27.0,,772.0
274,325549,italian pork sausage kroger cooked,289.04999999999995,15.0,,25.45,,937.0
275,325554,italian pork sausage cooked,,,,,,
276,325572,italian pork sausage johnsonville hot cooked,307.45000000000005,16.5625,,26.8,,664.0
277,325598,italian pork sausage johnsonville mild cooked,299.51250000000005,17.953125,,25.3,,698.0
278,325658,sausage italian pork mild cooked pan,322.0,18.2,2.15,26.2,,766.0
279,325660,white bread store brand kroger bread 20 oz package in,,,,,,
280,325661,white bread store brand americas choice large white 20 oz package ny,,,,,,
281,325670,white bread store brand kroger bread 20 oz package mi,,,,,,
282,325671,white bread store brand great value white 24 oz package ok,,,,,,
283,325680,white bread store brand sunnyside farms bread 20 oz package ca2,,,,,,
284,325681,white bread store brand lowes food store 20 oz package nc,,,,,,
285,325689,white bread store brand publix bread fl1,,,,,,
286,325690,white bread store brand publix bread 20 oz package fl,,,,,,
287,325699,white bread store brand safeway premium white 22 oz package ca1,,,,,,
288,325700,white bread store brand food world sandwich bread 20 oz package al,,,,,,
289,325709,white bread store brand shop rite round top white 22 oz package ct,,,,,,
290,325710,white bread store brand safeway premium white 22 oz package co,,,,,,
291,325872,turkey breakfast sausage honeysuckle white,154.4303,16.25,,9.9367,,494.5
292,325881,turkey breakfast sausage hillshire smoked,146.58,15.562500000000002,,9.37,,914.0
293,325891,turkey breakfast sausage jimmy dean,177.75,19.6875,,11.0,,630.0
294,325929,turkey breakfast sausage jennie o,155.04000000000002,16.6875,,9.81,,624.5
295,325948,turkey breakfast sausage honeysuckle fresh,167.8,16.75,,11.2,,527.0
296,325956,turkey breakfast sausage butterball,170.10000000000002,15.75,,11.9,,480.0
297,325992,sausage turkey breakfast links mild raw,169.0,16.7,0.93,10.4,,599.0
298,326007,fatty acids cheese swiss slices al ca1,,,,,,
299,326008,minerals cheese swiss slices al ca1,,,,,,161.0
300,326009,proximates cheese swiss slices al ca1,380.95,27.0625,,30.3,,
301,326135,cheese swiss,393.0,27.0,1.44,31.0,,185.0
302,326136,kale frozen cooked,,,,,,
303,326137,kale frozen as purchased,,,,,,
304,326210,carrots sliced or crinkle cut frozen unprepared,14.1827,0.7112499999999999,0.27,0.5227,3.3167,67.1667
305,326264,carrots sliced or crinkle cut frozen unprepared vitamin e,,,,,,
306,326327,carrots whole unprepared,14.8524,0.65625,0.51,0.6786,3.06,63.4
307,326424,carrots whole frozen unprepared,,,,,,
308,326425,carrots whole unprepared vitamin e,,,,,,
309,326426,carrots whole unprepared amino acids repeat,,,,,,
310,326460,mustard yellow frenchs classic ca2,,,,,,
311,326462,mustard yellow frenchs classic nc1,,,,,,
312,326467,mustard yellow frenchs classic mo1,,,,,,
313,326469,mustard yellow frenchs classic fl1,,,,,,
314,326474,mustard yellow frenchs classic ny1,,,,,,
315,326475,mustard yellow frenchs classic in1,,,,,,
316,326481,mustard yellow store brand americas choice ny,,,,,,
317,326482,mustard yellow store brand shop rite ct1,,,,,,
318,326488,mustard yellow store brand my essentials nc1,,,,,,
319,326490,mustard yellow store brand sunny select ca2,,,,,,
320,326495,mustard yellow frenchs classic ct1,,,,,,
321,326496,mustard yellow frenchs classic co1,,,,,,
322,326511,mustard yellow frenchs classic ok1,,,,,,
323,326512,mustard yellow frenchs classic mi1,,,,,,
324,326530,mustard yellow store brand publix fl,,,,,,
325,326533,mustard yellow store brand hy vee mo1,,,,,,
326,326538,mustard yellow frenchs classic ca1,,,,,,
327,326539,mustard yellow frenchs classic al1,,,,,,
328,326559,mustard yellow store brand safeway co1,,,,,,
329,326560,mustard yellow store brand safeway ca1,,,,,,
330,326573,mustard yellow store brand great value ok1,,,,,,
331,326574,mustard yellow store brand great value al1,,,,,,
332,326592,mustard yellow store brand kroger mi1,,,,,,
333,326594,mustard yellow store brand kroger in1,,,,,,
334,326606,prepared yellow mustard frenchs classic yellow mustard tx,,,,,,
335,326608,prepared yellow mustard frenchs classic yellow mustard pa,,,,,,
336,326616,prepared yellow mustard frenchs classic yellow mustard wa,,,,,,
337,326637,prepared yellow mustard store brand tx,,,,,,
338,326642,prepared yellow mustard store brand wa,,,,,,
339,326644,prepared yellow mustard store brand pa,,,,,,
340,326649,mustard yellow prepared store brand vitmain e,,,,,,
341,326650,mustard yellow prepared store brand niacin,,,,,,
342,326651,mustard yellow prepared store brand pantothenic acid,,,,,,
343,326652,mustard yellow prepared store brand vitamin b6,,,,,,
344,326653,mustard yellow prepared store brand fatty acids,,,,,,
345,326654,mustard yellow prepared store brand proximates,53.64,4.5,,3.96,,
346,326655,mustard yellow prepared store brand starch,2.8,,0.7,,,
347,326656,mustard yellow prepared store brand vitamin k,,,,,,
348,326657,mustard yellow prepared store brand sugars,,,,,,
349,326658,mustard yellow prepared store brand thiamin,,,,,,
350,326659,mustard yellow prepared store brand riboflavin,,,,,,
351,326660,mustard yellow prepared store brand amino acids,,,,,,
352,326661,mustard yellow prepared store brand fiber,,,,,,
353,326662,mustard yellow prepared store brand vitamin c,,,,,,
354,326663,mustard yellow prepared store brand carotenoids,,,,,,
355,326664,mustard yellow prepared store brand minerals,,,,,,985.0
356,326665,mustard yellow prepared store brand folate,,,,,,
357,326666,mustard yellow prepared store brand selenium,,,,,,
358,326674,prepared yellow mustard other brand pa,,,,,,
359,326762,figs dried pass 2 region 1 na no niacin,,,,,,
360,326763,figs dried pass 2 region 1 na no fiber,20.6,,,,10.3,
361,326764,figs dried pass 2 region 1 na no minerals,,,,,,12.0
362,326765,figs dried pass 2 region 1 na no proximates,26.64,3.9375,,1.21,,
363,326789,figs dried pass 2 region 2 na yes proximates,25.330000000000002,3.8125,,1.12,,
364,326790,figs dried pass 2 region 2 na yes minerals,,,,,,14.0
365,326792,figs dried pass 2 region 2 na yes fiber,21.400000000000002,,,,10.700000000000001,
366,326796,figs dried pass 2 region 2 na yes niacin,,,,,,
367,326837,figs dried pass 2 region 4 na yes proximates,27.71,4.25,,1.19,,
368,326838,figs dried pass 2 region 4 na yes minerals,,,,,,10.0
369,326840,figs dried pass 2 region 4 na yes fiber,21.0,,,,10.5,
370,326844,figs dried pass 2 region 4 na yes niacin,,,,,,
371,326863,figs dried pass 2 region 3 na yes proximates,23.11,3.4375000000000004,,1.04,,
372,326864,figs dried pass 2 region 3 na yes minerals,,,,,,10.0
373,326866,figs dried pass 2 region 3 na yes fiber,20.400000000000002,,,,10.200000000000001,
374,326870,figs dried pass 2 region 3 na yes niacin,,,,,,
375,326905,figs dried uncooked,249.0,3.3,63.9,0.92,9.8,10.0
376,326972,kiwi pass 2 region 1 na yes minerals,,,,,,
377,327051,cantaloupe raw region 2 na yes,2.0,,0.1,,1.0,
378,327069,cantaloupe raw region 3 na yes,1.6,,,,0.8,58.0
379,327089,cantaloupe raw region 1 na yes,6.470000000000001,0.8125,,0.18,0.8,45.0
380,327109,cantaloupe raw region 4 na yes,1.6,,,,0.8,45.0
381,327198,melons cantaloupe raw,34.0,0.82,8.16,0.18,0.8,30.0
382,327213,nectarines raw pass 2 region 2 na yes folate,,,,,,
383,327221,nectarines fresh region 2 na yes,7.57,1.0,0.15,0.13,1.2,16.0
384,327240,nectarines fresh region 4 na yes,9.48,1.1875,,0.17,1.6,17.0
385,327262,nectarines raw pass 2 region 1 na yes folate,,,,,,
386,327282,nectarines fresh region 3 na yes,10.02,1.1875,0.14,0.23,1.6,
387,327312,nectarines raw pass 2 region 3 na yes folate,,,,,,
388,327331,nectarines raw pass 2 region 4 na yes folate,,,,,,
389,327340,nectarines fresh region 1 na yes,8.67,1.125,,0.13,1.5,15.0
390,327362,oranges navel pass 2 region 2 na yes,,,,,,21.0
391,327378,oranges navel pass 2 region 4 na yes,,,,,,16.0
392,327395,oranges navel pass 2 region 3 na yes,4.7,1.0625,,0.05,,13.0
393,327414,oranges navel raw region 1 na yes proximates,4.21,0.625,,0.19,,
394,327432,oranges navel raw region 2 na yes proximates,4.38,0.9375,,0.07,,
395,327454,oranges navel raw region 4 na yes proximates,4.130000000000001,0.8750000000000001,,0.07,,
396,327470,oranges navel raw region 3 na yes proximates,4.8,0.75,,0.2,,
397,327489,oranges navel pass 2 region 1 na yes,,,,,,13.0
398,327503,strawberries fresh pass 2 region 2 safewaystore store 1078 orwa3,,,,,,
399,327506,strawberries fresh pass 2 region 2 albertsonsstore store 687 ca1,,,,,,
400,327508,strawberries fresh pass 2 region 2 albertsonsstore store 584 orwa2,,,,,,
401,327511,strawberries fresh pass 2 region 2 na yes,4.0,,2.0,,2.0,2.0
402,327536,strawberries fresh region 4 na yes,4.48,0.625,,0.22,,16.0
403,327562,strawberries fresh region 3 na yes,8.0,0.6875,,0.25,1.5,24.0
404,327588,strawberries fresh region 2 na yes,6.42,0.5625,0.12,0.13,1.5,12.0
405,327603,strawberries fresh pass 2 region 1 walmart supercenter store 67 ar1,,,,,,
406,327606,strawberries fresh pass 2 region 1 krogerstore store 528 tn2,,,,,,
407,327609,strawberries fresh pass 2 region 1 pricecutter mo2,,,,,,
408,327612,strawberries fresh pass 2 region 1 na yes,4.2,,2.1,,2.1,3.0
409,327636,strawberries fresh region 1 na yes,8.54,0.6875,0.24,0.31,1.5,13.0
410,327653,strawberries fresh pass 2 region 4,,,,,,
411,327656,strawberries fresh pass 2 region 4 gianteagle market store 70 pa2,,,,,,
412,327659,strawberries fresh pass 2 region 4 na yes,3.6,,1.8,,1.8,7.0
413,327676,strawberries fresh pass 2 region 3 walmart supercenter store 651 tx3,,,,,,
414,327678,strawberries fresh pass 2 region 3 krogerstore store 986 tx2,,,,,,
415,327681,strawberries fresh pass 2 region 3 dominicksfiner foods store 126 il2,,,,,,
416,327685,strawberries fresh pass 2 region 3 na yes,4.54,0.5625,1.1,0.01,1.1,7.0
417,327699,strawberries raw,31.0,0.6404,7.8529,0.22,1.8,3.3333
418,327707,lettuce romaine 1 head ok1,,,,,,
419,327714,lettuce romaine 1 head al1,,,,,,
420,327721,lettuce romaine in1,,,,,,
421,327729,lettuce romaine 1 head nc1,,,,,,
422,327736,lettuce romaine 1 head ct1,,,,,,
423,327751,romaine lettuce pass 2 region 4,,,,,,
424,327769,romaine lettuce pass 2 region 3,3.2,,1.6,,1.6,
425,327789,romaine lettuce pass 2 region 1,11.27,1.3125,1.75,0.28,1.75,
426,327814,romaine lettuce pass 2 region 2,10.04,1.1875,1.7,0.21,1.7,
427,327835,romaine lettuce region 1 na yes,4.0,,2.0,,2.0,
428,327860,romaine lettuce region 2 na yes,3.6,,1.8,,1.8,
429,327883,romaine lettuce region 3 na yes,10.17,1.125,1.8,0.23,1.8,
430,327908,romaine lettuce region 4 na yes,4.0,,2.0,,2.0,
431,327923,lettuce cos or romaine raw,17.0,1.24,3.24,0.26,1.8,
432,327925,cheddar cheese sliced cracker barrel ny,,,,,,
433,327926,cheddar cheese sliced cracker barrel nc1,,,,,,
434,327937,cheddar cheese sliced tillamook ca1,,,,,,
435,327939,cheddar cheese sliced tillamook co1,,,,,,
436,327949,cheddar cheese sliced cracker barrel mo1,,,,,,
437,327950,cheddar cheese sliced cracker barrel fl,,,,,,
438,327961,cheddar cheese sliced cracker barrel al1,,,,,,
439,327962,cheddar cheese sliced cracker barrel ct1,,,,,,
440,327981,cheddar cheese sliced cracker barrel mi1,,,,,,
441,327998,cheddar cheese sliced sargento sharp ny,,,,,,
442,328005,fatty acids cheddar cheese sliced sargento sharp ny,,,,,,
443,328009,cheddar cheese sliced sargento natural sharp cheddar deli style ca2,,,,,,
444,328010,cheddar cheese sliced sargento natural sharp cheddar deli style in1,,,,,,
445,328021,cheddar cheese sliced tillamook ca2,,,,,,
446,328022,cheddar cheese sliced tillamook in1,,,,,,
447,328046,cheddar cheese sliced storebrand kroger mild cheddar all natural in1,,,,,,
448,328048,cheddar cheese sliced storebrand kroger sharp cheddar all natural mi1,,,,,,
449,328058,cheddar cheese sliced store brand crystal farms wisconsin sharp ny,,,,,,
450,328060,cheddar cheese sliced store brand shullsburg wisconsin cheese sharp mo1,,,,,,
451,328067,fatty acids cheddar cheese sliced store brand crystal farms shullsburg wisconsin mony,,,,,,
452,328071,cheddar cheese sliced sargento natural sharp cheddar deli style ca1,,,,,,
453,328072,cheddar cheese sliced sargento sharp al1,,,,,,
454,328095,cheddar cheese sliced sargento sharp ct1,,,,,,
455,328096,cheddar cheese sliced sargento sharp mi1,,,,,,
456,328114,cheddar cheese sliced store brand sunnyside farms deli style sliced medium ca2,,,,,,
457,328123,cheddar cheese sliced store brand publix sharp cheddar cheese fl,,,,,,
458,328124,cheddar cheese sliced store brand hyvee cracker cuts sharp cheddar natural cheese mo1,,,,,,
459,328131,cheddar cheese sliced store brand lucerne sliced sharp cheddar natural cheese co1,,,,,,
460,328134,cheddar cheese sliced store brand lucerne sliced sharp cheddar natural cheese ca1,,,,,,
461,328154,cheddar cheese sliced store brand great value deli style sliced sharp al1,,,,,,
462,328155,cheddar cheese sliced store brand great value deli style sharp cheddar ok1,,,,,,
463,328176,cheddar cheese sliced store brand shop rite sharp cheddar cheese ct1,,,,,,
464,328192,cheddar cheese sliced store brand food lion natural sharp nc1,,,,,,
465,328534,minerals cheese cheddar sharp blockchunk kraft inga,,,,,,692.0
466,328639,cottage cheese 2 milkfat breakstone ct1,,,,,,
467,328640,cottage cheese 2 milkfat breakstone nc1,,,,,,
468,328646,cottage cheese 2 milkfat breakstone fl,,,,,,
469,328653,cottage cheese 2 milkfat daisy ca2,,,,,,
470,328654,cottage cheese 2 milkfat store brandother brand hy vee mo1,,,,,,
471,328661,cottage cheese 2 milkfat daisy co1,,,,,,
472,328662,cottage cheese 2 milkfat daisy ca1,,,,,,
473,328680,cottage cheese 2 milkfat breakstone al1,,,,,,
474,328682,cottage cheese 2 milkfat breakstone in1,,,,,,
475,328696,cottage cheese 2 milkfat breakstone mi1,,,,,,
476,328698,cottage cheese 2 milkfat breakstone ok1,,,,,,
477,328714,cottage cheese 2 milkfat store brandother brand meadow gold viva co1,,,,,,
478,328715,cottage cheese 2 milkfat store brandother brand kraft simply al1,,,,,,
479,328722,cottage cheese 2 milkfat store brandother brand friendship fl1,,,,,,
480,328723,cottage cheese 2 milkfat store brandother brand horizon organic in1,,,,,,
481,328730,cottage cheese 2 milkfat store brandother brand friendship all natural ny1,,,,,,
482,328737,cottage cheese 2 milkfat daisy mo1,,,,,,
483,328739,cottage cheese 2 milkfat daisy ct1,,,,,,
484,328752,cottage cheese 2 milkfat knudsen ca1,,,,,,
485,328754,cottage cheese 2 milkfat knudsen ca2,,,,,,
486,328770,cottage cheese 2 milkfat daisy mi1,,,,,,
487,328772,cottage cheese 2 milkfat daisy ny,,,,,,
488,328786,cottage cheese 2 milkfat store brandother brand kraft ct1,,,,,,
489,328787,cottage cheese 2 milkfat store brandother brand king soopers co1,,,,,,
490,328794,cottage cheese 2 milkfat store brandother brand kroger mi1,,,,,,
491,328795,cottage cheese 2 milkfat store brandother brand safeway ca1,,,,,,
492,328812,cottage cheese 2 milkfat daisy in1,,,,,,
493,328825,cottage cheese 2 milkfat daisy nc1,,,,,,
494,328827,cottage cheese 2 milkfat store brandother brand sunnyside farms ca2,,,,,,
495,328836,fatty acids cottage cheese 2 milkfat store brandother brand sunnyside farms daisy ca2nc,,,,,,
496,328842,mozzarella cheese low,,,,,,
497,328843,mozzarella low,,,,,,
498,328847,minerals mozzarella cheese low,,,,,,681.6471
499,328848,fatty acids mozzarella cheese low,,,,,,
500,328849,proximates mozzarella cheese low,276.3066,23.44125,,20.2824,,
501,328890,tocopherols mozzarella cheese low,,,,,,
502,328891,cholesterol mozzarella cheese low,,,,,,
503,328893,niacin mozzarella cheese low,,,,,,
504,328894,riboflavin mozzarella cheese low,,,,,,
505,328895,selenium mozzarella cheese low,,,,,,
506,328896,thiamin mozzarella cheese low,,,,,,
507,328897,vitamin b6 mozzarella cheese low,,,,,,
508,328900,vitamin b12 mozzarella cheese low,,,,,,
509,328901,vitamin k mozzarella cheese low,,,,,,
510,328913,folate mozzarella cheese low,,,,,,
511,328921,pantothenic acid mozzarella cheese low,,,,,,
512,328931,retinol mozzarella cheese low,,,,,,
513,328939,sugars mozzarella cheese low,,,,,,
514,329131,cheese string low,,,,,,
515,329135,minerals cheese string low,,,,,,715.1111
516,329136,proximates cheese string low,275.6909,22.904374999999998,,20.4526,,
517,329137,fatty acids cheese string low,,,,,,
518,329145,pantothenic acid cheese string low,,,,,,
519,329151,niacin cheese string low,,,,,,
520,329152,riboflavin cheese string low,,,,,,
521,329153,thiamin cheese string low,,,,,,
522,329154,vitamin b6 cheese string low,,,,,,
523,329157,vitamin b12 cheese string low,,,,,,
524,329158,cholesterol cheese string low,,,,,,
525,329159,vitamin k cheese string low,,,,,,
526,329179,selenium cheese string low,,,,,,
527,329371,egg dried whole producer d lot 3,,,,,,
528,329372,dried whole egg without free,,,,,,
529,329373,whole eggs dried,550.0711,48.07375,,39.7529,,485.1176
530,329377,egg dried whole producer d,,,,,,
531,329378,egg dried whole producer c lot 3,,,,,,
532,329385,egg dried whole producer e lot 3,,,,,,
533,329398,egg dried whole producer c,,,,,,
534,329399,egg dried whole producer f lot 3,,,,,,
535,329405,egg dried whole producer f,,,,,,
536,329433,egg dried whole producer e,,,,,,
537,329441,egg dried whole producer b lot 3,,,,,,
538,329461,egg dried whole producer b,,,,,,
539,329476,egg dried whole producer a lot 2,,,,,,
540,329491,egg liquid yolk producer c lot 3,,,,,,
541,329492,liquid egg yolk plain no salt or sugar,,,,,,
542,329493,egg yolk,288.1175,15.554375,,25.1,,65.8667
543,329504,egg liquid yolk producer c,,,,,,
544,329505,egg liquid yolk producer d lot 3,,,,,,
545,329511,egg liquid yolk producer d,,,,,,
546,329533,egg liquid yolk producer f lot 3,,,,,,
547,329540,egg liquid yolk producer b lot 3,,,,,,
548,329546,egg liquid yolk producer b,,,,,,
549,329553,egg liquid yolk producer f,,,,,,
550,329561,egg liquid yolk producer e lot 3,,,,,,
551,329574,egg liquid yolk producer e,,,,,,
552,329597,egg dried yolk producer c lot 3,,,,,,
553,329598,dried egg yolk without free,,,,,,
554,329599,egg yolks dried,636.361,34.268125,,55.4765,,149.0
555,329604,egg dried yolk producer e lot 3,,,,,,
556,329610,egg dried yolk producer e,,,,,,
557,329617,egg dried yolk producer c,,,,,,
558,329618,egg dried yolk producer f lot 2,,,,,,
559,329646,egg dried yolk producer b lot 3,,,,,,
560,329652,egg dried yolk producer b,,,,,,
561,329653,egg dried yolk producer d lot 3,,,,,,
562,329659,egg dried yolk producer d,,,,,,
563,329667,egg dried yolk producer a lot 3,,,,,,
564,329673,egg dried yolk producer a,,,,,,
565,329718,dry white cheese queso seco don francisco cotija ca,,,,,,
566,329719,dry white cheese queso seco cacique cotija ca,,,,,,
567,329735,dry white cheese queso seco la fe cotija fl,,,,,,
568,329752,dry white cheese queso seco el mexicano nv,,,,,,
569,329753,dry white cheese queso seco quesos la ricura limited tm tx,,,,,,
570,329769,dry white cheese queso seco el mexicano brand ca,,,,,,
571,329784,dry white cheese queso seco la cremosita md,,,,,,
572,329807,dry white cheese queso seco quesos la ricura limited ny,,,,,,
573,329825,sugars cheese dry white queso seco mixed composite ny tx,,,,,,
574,329830,cheese dry white queso seco,326.0,24.5,2.07,24.3,,1810.0
575,329831,greek yogurt chobani plain non,,,,,,
576,329835,minerals greek yogurt chobani plain non,,,,,,35.8
577,329836,proximates greek yogurt chobani plain non,39.516,9.0375,,0.374,,
578,329847,greek yogurt fage plain nonfat in1,,,,,,
579,329849,greek yogurt fage plain nonfat ny1,,,,,,
580,329870,greek yogurt fage plain nonfat ok1,,,,,,
581,329874,greek yogurt fage plain nonfat fl1,,,,,,
582,329890,tocopherols greek yogurt chobani plain non,,,,,,
583,329891,cholesterol greek yogurt chobani plain non,,,,,,
584,329893,niacin greek yogurt chobani plain non,,,,,,
585,329894,panthothenic acid greek yogurt chobani plain non,,,,,,
586,329895,riboflavin greek yogurt chobani plain non,,,,,,
587,329896,selenium greek yogurt chobani plain non,,,,,,
588,329897,thiamin greek yogurt chobani plain non,,,,,,
589,329898,vitamin b6 greek yogurt chobani plain non,,,,,,
590,329901,fatty acids greek yogurt chobani plain non,,,,,,
591,329903,vitamin b12 greek yogurt chobani plain non,,,,,,
592,329935,greek yogurt fage plain nonfat ct1,,,,,,
593,329974,greek yogurt fage plain nonfat ca1,,,,,,
594,329993,greek yogurt dannon oikos plain non,,,,,,
595,330006,minerals greek yogurt dannon oikos plain non,,,,,,35.6
596,330007,proximates greek yogurt dannon oikos plain non,44.04599999999999,10.237499999999999,,0.344,,
597,330043,tocopherols greek yogurt dannon oikos plain non,,,,,,
598,330044,cholesterol greek yogurt dannon oikos plain non,,,,,,
599,330046,niacin greek yogurt dannon oikos plain non,,,,,,
600,330047,panthothenic acid greek yogurt dannon oikos plain non,,,,,,
601,330048,riboflavin greek yogurt dannon oikos plain non,,,,,,
602,330049,selenium greek yogurt dannon oikos plain non,,,,,,
603,330050,thiamin greek yogurt dannon oikos plain non,,,,,,
604,330051,vitamin b6 greek yogurt dannon oikos plain non,,,,,,
605,330052,fatty acids greek yogurt dannon oikos plain non,,,,,,
606,330054,vitamin b12 greek yogurt dannon oikos plain non,,,,,,
607,330057,greek yogurt fage plain nonfat nc1,,,,,,
608,330060,greek yogurt fage plain nonfat ca2,,,,,,
609,330138,yogurt greek strawberry non,,,,,,
610,330143,minerals yogurt greek strawberry non,,,,,,32.1333
611,330144,proximates yogurt greek strawberry non,33.598499999999994,8.0727,,0.1453,,
612,330159,pantothenic acid yogurt greek strawberry non,,,,,,
613,330160,vitamin b12 yogurt greek strawberry non,,,,,,
614,330171,niacin yogurt greek strawberry non,,,,,,
615,330173,riboflavin yogurt greek strawberry non,,,,,,
616,330174,selenium yogurt greek strawberry non,,,,,,
617,330175,sugars yogurt greek strawberry non,,,,,,
618,330176,thiamin yogurt greek strawberry non,,,,,,
619,330177,vitamin b6 yogurt greek strawberry non,,,,,,
620,330216,starch yogurt greek strawberry non,,,,,,
621,330251,fatty acids yogurt greek strawberry non,,,,,,
622,330253,tdf yogurt greek strawberry non,1.4,,0.7,,0.7,
623,330256,vitamin c yogurt greek strawberry non,,,,,,
624,330459,ground turkey 93 lean 7 fat pan,,,,,,
625,330464,total fat ground turkey 93 lean 7 fat pan,103.75200000000001,,,11.528,,
626,330465,protein ash moisture ground turkey 93 lean 7 fat pan,108.6,27.15,,,,
627,330510,thiamin ground turkey 93 lean 7 fat pan,,,,,,
628,330511,riboflavin ground turkey 93 lean 7 fat pan,,,,,,
629,330512,niacin ground turkey 93 lean 7 fat pan,,,,,,
630,330513,cholesterol ground turkey 93 lean 7 fat pan,,,,,,
631,330514,fatty acids ground turkey 93 lean 7 fat pan,,,,,,
632,330516,minerals ground turkey 93 lean 7 fat pan,,,,,,85.0
633,330518,selenium ground turkey 93 lean 7 fat pan,,,,,,
634,330869,turkey ground 93 lean 7 fat pan,220.0,27.1,0.0,11.6,,90.0
635,330870,chicken dark meat lean only drumstick braised non,,,,,,
636,330871,chicken drumsticks skin,,,,,,
637,330873,thiamin chicken dark meat lean only drumstick braised non,,,,,,
638,330874,vitamin b12 chicken dark meat lean only drumstick braised non,,,,,,
639,330875,riboflavin chicken dark meat lean only drumstick braised non,,,,,,
640,330876,proximates chicken dark meat lean only drumstick braised non,96.9375,24.234375,,,,
641,330877,niacin chicken dark meat lean only drumstick braised non,,,,,,
642,330878,vitamin b6 chicken dark meat lean only drumstick braised non,,,,,,
643,330879,cholesterol chicken dark meat lean only drumstick braised non,,,,,,
644,330880,fa chicken dark meat lean only drumstick braised non,,,,,,
645,330881,minerals chicken dark meat lean only drumstick braised non,,,,,,103.0
646,330882,selenium chicken dark meat lean only drumstick braised non,,,,,,
647,330883,fat chicken dark meat lean only drumstick braised non,53.3025,,,5.9225,,
648,330884,chicken skin raw from drumsticks and thighs non,,,,,,
649,330886,chicken thighs skin,,,,,,
650,330906,fat chicken skin raw from drumsticks and thighs non,398.02500000000003,,,44.225,,
651,330909,proximates chicken skin raw from drumsticks and thighs non,38.5,9.625,,,,
652,330911,amino acids chicken skin raw from drumsticks and thighs non,,,,,,
653,330912,thiamin chicken skin raw from drumsticks and thighs non,,,,,,
654,330913,vitamin b12 chicken skin raw from drumsticks and thighs non,,,,,,
655,330914,riboflavin chicken skin raw from drumsticks and thighs non,,,,,,
656,330915,niacin chicken skin raw from drumsticks and thighs non,,,,,,
657,330916,vitamin b6 chicken skin raw from drumsticks and thighs non,,,,,,
658,330917,cholesterol,,,,,,
659,330918,cholesterol chicken skin raw from drumsticks and thighs non,,,,,,
660,330919,fa chicken skin raw from drumsticks and thighs non,,,,,,
661,330920,minerals chicken skin raw from drumsticks and thighs non,,,,,,52.0
662,330921,selenium chicken skin raw from drumsticks and thighs non,,,,,,
663,330924,chicken skin roasted from drumsticks and thighs non,,,,,,
664,330925,proximates chicken skin roasted from drumsticks and thighs non,66.75,16.6875,,,,
665,330929,fat chicken skin roasted from drumsticks and thighs non,392.175,,,43.575,,
666,330934,thiamin chicken skin roasted from drumsticks and thighs non,,,,,,
667,330935,vitamin b12 chicken skin roasted from drumsticks and thighs non,,,,,,
668,330936,riboflavin chicken skin roasted from drumsticks and thighs non,,,,,,
669,330937,niacin chicken skin roasted from drumsticks and thighs non,,,,,,
670,330938,vitamin b6 chicken skin roasted from drumsticks and thighs non,,,,,,
671,330940,cholesterol chicken skin roasted from drumsticks and thighs non,,,,,,
672,330941,fa chicken skin roasted from drumsticks and thighs non,,,,,,
673,330942,minerals chicken skin roasted from drumsticks and thighs non,,,,,,89.0
674,330943,selenium chicken skin roasted from drumsticks and thighs non,,,,,,
675,330945,chicken skin braised from drumsticks and thighs non,,,,,,
676,330949,fat chicken skin braised from drumsticks and thighs non,397.8,,,44.2,,
677,330952,proximates chicken skin braised from drumsticks and thighs non,383.71250000000003,14.703125,,36.1,,
678,330954,thiamin chicken skin braised from drumsticks and thighs non,,,,,,
679,330955,vitamin b12 chicken skin braised from drumsticks and thighs non,,,,,,
680,330956,riboflavin chicken skin braised from drumsticks and thighs non,,,,,,
681,330957,niacin chicken skin braised from drumsticks and thighs non,,,,,,
682,330958,vitamin b6 chicken skin braised from drumsticks and thighs non,,,,,,
683,330960,cholesterol chicken skin braised from drumsticks and thighs non,,,,,,
684,330961,fa chicken skin braised from drumsticks and thighs non,,,,,,
685,330962,minerals chicken skin braised from drumsticks and thighs non,,,,,,71.6667
686,330963,selenium chicken skin braised from drumsticks and thighs non,,,,,,
687,330965,chicken dark meat lean only drumstick raw non,,,,,,
688,330966,meaures comp raw rep 1 chicken drumstick non,,,,,,
689,330967,meaures comp raw rep 5 chicken drumstick non,,,,,,
690,330968,meaures comp raw rep 4 chicken drumstick non,,,,,,
691,330969,meaures comp raw rep 3 chicken drumstick non,,,,,,
692,330970,meaures comp raw rep 2 chicken drumstick non,,,,,,
693,331020,fat chicken dark meat lean only drumstick raw non,34.3575,,,3.8175,,
694,331023,proximates chicken dark meat lean only drumstick raw non,75.3125,18.828125,,,,
695,331025,amino acids chicken dark meat lean only drumstick raw non,,,,,,
696,331026,thiamin chicken dark meat lean only drumstick raw non,,,,,,
697,331027,vitamin b12 chicken dark meat lean only drumstick raw non,,,,,,
698,331028,riboflavin chicken dark meat lean only drumstick raw non,,,,,,
699,331029,niacin chicken dark meat lean only drumstick raw non,,,,,,
700,331030,vitamin b6 chicken dark meat lean only drumstick raw non,,,,,,
701,331032,cholesterol chicken dark meat lean only drumstick raw non,,,,,,
702,331033,fa chicken dark meat lean only drumstick raw non,,,,,,
703,331034,minerals chicken dark meat lean only drumstick raw non,,,,,,111.0
704,331035,selenium chicken dark meat lean only drumstick raw non,,,,,,
705,331038,chicken dark meat lean only drumstick roasted non,,,,,,
706,331039,meaures comp roasted rep 1 chicken drumstick non,,,,,,
707,331040,meaures comp roasted rep 4 chicken drumstick non,,,,,,
708,331041,meaures comp roasted rep 5 chicken drumstick non,,,,,,
709,331042,meaures comp roasted rep 2 chicken drumstick non,,,,,,
710,331046,meaures comp roasted rep 3 chicken drumstick non,,,,,,
711,331091,fat chicken dark meat lean only drumstick roasted non,49.387499999999996,,,5.4875,,
712,331094,proximates chicken dark meat lean only drumstick roasted non,93.8125,23.453125,,,,
713,331096,thiamin chicken dark meat lean only drumstick roasted non,,,,,,
714,331097,vitamin b12 chicken dark meat lean only drumstick roasted non,,,,,,
715,331098,riboflavin chicken dark meat lean only drumstick roasted non,,,,,,
716,331099,niacin chicken dark meat lean only drumstick roasted non,,,,,,
717,331100,vitamin b6 chicken dark meat lean only drumstick roasted non,,,,,,
718,331102,cholesterol chicken dark meat lean only drumstick roasted non,,,,,,
719,331104,fa chicken dark meat lean only drumstick roasted non,,,,,,
720,331105,minerals chicken dark meat lean only drumstick roasted non,,,,,,116.6667
721,331106,selenium chicken dark meat lean only drumstick roasted non,,,,,,
722,331110,meaures comp braised rep 3 chicken drumstick non,,,,,,
723,331111,meaures comp braised rep 1 chicken drumstick non,,,,,,
724,331112,meaures comp braised rep 5 chicken drumstick non,,,,,,
725,331113,meaures comp braised rep 4 chicken drumstick non,,,,,,
726,331115,meaures comp braised rep 2 chicken drumstick non,,,,,,
727,331180,chicken dark meat lean only thigh raw non,,,,,,
728,331181,meaures comp raw rep 3 chicken thigh non,,,,,,
729,331182,meaures comp raw rep 5 chicken thigh non,,,,,,
730,331183,meaures comp raw rep 1 chicken thigh non,,,,,,
731,331184,meaures comp raw rep 4 chicken thigh non,,,,,,
732,331191,meaures comp raw rep 2 chicken thigh non,,,,,,
733,331226,proximates chicken dark meat lean only thigh raw non,77.125,19.28125,,,,
734,331231,fat chicken dark meat lean only thigh raw non,37.6425,,,4.1825,,
735,331235,niacin chicken dark meat lean only thigh raw non,,,,,,
736,331236,vitamin b6 chicken dark meat lean only thigh raw non,,,,,,
737,331238,cholesterol chicken dark meat lean only thigh raw non,,,,,,
738,331239,fa chicken dark meat lean only thigh raw non,,,,,,
739,331240,minerals chicken dark meat lean only thigh raw non,,,,,,91.0
740,331241,selenium chicken dark meat lean only thigh raw non,,,,,,
741,331244,amino acids chicken dark meat lean only thigh raw non,,,,,,
742,331245,thiamin chicken dark meat lean only thigh raw non,,,,,,
743,331246,vitamin b12 chicken dark meat lean only thigh raw non,,,,,,
744,331247,riboflavin chicken dark meat lean only thigh raw non,,,,,,
745,331248,chicken dark meat lean only thigh roasted non,,,,,,
746,331249,meaures comp roasted rep 3 chicken thigh non,,,,,,
747,331251,meaures comp roasted rep 2 chicken thigh non,,,,,,
748,331252,meaures comp roasted rep 5 chicken thigh non,,,,,,
749,331254,meaures comp roasted rep 1 chicken thigh non,,,,,,
750,331256,meaures comp roasted rep 4 chicken thigh non,,,,,,
751,331296,fat chicken dark meat lean only thigh roasted non,72.94500000000001,,,8.105,,
752,331299,proximates chicken dark meat lean only thigh roasted non,96.0,24.0,,,,
753,331301,thiamin chicken dark meat lean only thigh roasted non,,,,,,
754,331302,vitamin b12 chicken dark meat lean only thigh roasted non,,,,,,
755,331303,riboflavin chicken dark meat lean only thigh roasted non,,,,,,
756,331304,niacin chicken dark meat lean only thigh roasted non,,,,,,
757,331305,vitamin b6 chicken dark meat lean only thigh roasted non,,,,,,
758,331306,cholesterol chicken dark meat lean only thigh roasted non,,,,,,
759,331307,fa chicken dark meat lean only thigh roasted non,,,,,,
760,331308,minerals chicken dark meat lean only thigh roasted non,,,,,,87.3333
761,331309,selenium chicken dark meat lean only thigh roasted non,,,,,,
762,331312,chicken dark meat lean only thigh braised non,,,,,,
763,331313,meaures comp braised rep 3 chicken thigh non,,,,,,
764,331314,meaures comp braised rep 1 chicken thigh non,,,,,,
765,331316,meaures comp braised rep 5 chicken thigh non,,,,,,
766,331317,meaures comp braised rep 4 chicken thigh non,,,,,,
767,331323,meaures comp braised rep 2 chicken thigh non,,,,,,
768,331360,fat chicken dark meat lean only thigh braised non,77.67,,,8.63,,
769,331363,proximates chicken dark meat lean only thigh braised non,98.1875,24.546875,,,,
770,331365,thiamin chicken dark meat lean only thigh braised non,,,,,,
771,331366,vitamin b12 chicken dark meat lean only thigh braised non,,,,,,
772,331367,riboflavin chicken dark meat lean only thigh braised non,,,,,,
773,331368,niacin chicken dark meat lean only thigh braised non,,,,,,
774,331369,vitamin b6 chicken dark meat lean only thigh braised non,,,,,,
775,331371,cholesterol chicken dark meat lean only thigh braised non,,,,,,
776,331372,fa chicken dark meat lean only thigh braised non,,,,,,
777,331373,minerals chicken dark meat lean only thigh braised non,,,,,,77.6667
778,331374,selenium chicken dark meat lean only thigh braised non,,,,,,
779,331899,chicken breast non,,,,,,
780,331901,fatty acids chicken breasts boneless skinless non,,,,,,
781,331902,minerals chicken breasts boneless skinless non,,,,,,45.0
782,331903,proximates chicken breasts boneless skinless non,156.714,32.2125,,3.096,,
783,331920,vitamin b12 chicken breasts boneless skinless non,,,,,,
784,331921,vitamin b6 chicken breasts boneless skinless non,,,,,,
785,331922,cholesterol chicken breasts boneless skinless non,,,,,,
786,331925,niacin chicken breasts boneless skinless non,,,,,,
787,331927,riboflavin chicken breasts boneless skinless non,,,,,,
788,331928,selenium chicken breasts boneless skinless non,,,,,,
789,331929,thiamin chicken breasts boneless skinless non,,,,,,
790,331930,tocopherol chicken breasts boneless skinless non,,,,,,
791,331940,pantothenic acid chicken breasts boneless skinless non,,,,,,
792,331962,sauce pasta ragu old world bottled spaghetti sauce 26 oz container in1,,,,,,
793,331963,sauce pasta ragu old world bottled spaghetti sauce 26 oz container ny1,,,,,,
794,331970,sauce pasta hunts original canned spaghetti sauce 265 oz container ct1,,,,,,
795,331971,sauce pasta hunts original canned spaghetti sauce 265 oz container co2,,,,,,
796,331978,sauce pasta ragu old world bottled spaghetti sauce 26 oz container al1,,,,,,
797,331979,sauce pasta ragu old world bottled spaghetti sauce 26 oz container ca1,,,,,,
798,331986,sauce pasta ragu old world bottled spaghetti sauce 26 oz container mo1,,,,,,
799,331987,sauce pasta ragu old world bottled spaghetti sauce 26 oz container fl1,,,,,,
800,332014,sauce pasta ragu old world bottled spaghetti sauce 26 oz container ca2,,,,,,
801,332018,sauce pasta ragu old world bottled spaghetti sauce 26 oz container nc1,,,,,,
802,332023,sauce pasta ragu old world bottled spaghetti sauce 26 oz container co2,,,,,,
803,332036,sauce pasta ragu old world bottled spaghetti sauce 26 oz container ct1,,,,,,
804,332041,sauce pasta ragu old world bottled spaghetti sauce 26 oz container ok1,,,,,,
805,332042,sauce pasta ragu old world bottled spaghetti sauce 26 oz container mi1,,,,,,
806,332069,sauce pasta prego 100 natural italian traditional bottled spaghetti sauce 24 oz container ca1,,,,,,
807,332070,sauce pasta prego 100 natural italian traditional bottled spaghetti sauce 24 oz container al1,,,,,,
808,332077,sauce pasta prego 100 natural italian traditional bottled spaghetti sauce 24 oz container ny1,,,,,,
809,332078,sauce pasta prego 100 natural italian traditional bottled spaghetti sauce 24 oz container in1,,,,,,
810,332085,sauce pasta prego 100 natural italian traditional bottled spaghetti sauce 24 oz container nc1,,,,,,
811,332086,sauce pasta prego 100 natural italian traditional bottled spaghetti sauce 24 oz container ca2,,,,,,
812,332093,sauce pasta prego 100 natural italian traditional bottled spaghetti sauce 24 oz container fl1,,,,,,
813,332094,sauce pasta prego 100 natural italian traditional bottled spaghetti sauce 24 oz container mo1,,,,,,
814,332101,sauce pasta prego 100 natural italian traditional bottled spaghetti sauce 24 oz container ok1,,,,,,
815,332102,sauce pasta prego 100 natural italian traditional bottled spaghetti sauce 24 oz container mi1,,,,,,
816,332129,sauce pasta prego 100 natural italian traditional bottled spaghetti sauce 24 oz container co2,,,,,,
817,332155,sauce pasta prego 100 natural italian traditional bottled spaghetti sauce 24 oz container ct1,,,,,,
818,332183,sauce pasta hunts original canned spaghetti sauce 265 oz container ny1,,,,,,
819,332184,sauce pasta hunts original canned spaghetti sauce 265 oz container in1,,,,,,
820,332191,sauce pasta hunts original canned spaghetti sauce 265 oz container fl1,,,,,,
821,332192,sauce pasta hunts original canned spaghetti sauce 265 oz container mo1,,,,,,
822,332199,sauce pasta hunts original canned spaghetti sauce 265 oz container ca2,,,,,,
823,332200,sauce pasta hunts original canned spaghetti sauce 265 oz container nc1,,,,,,
824,332207,sauce pasta hunts original canned spaghetti sauce 265 oz container ca1,,,,,,
825,332208,sauce pasta hunts original canned spaghetti sauce 265 oz container al1,,,,,,
826,332215,sauce pasta hunts original canned spaghetti sauce 265 oz container mi1,,,,,,
827,332216,sauce pasta hunts original canned spaghetti sauce 265 oz container ok1,,,,,,
828,332283,ham luncheon meat oscar mayer deli fresh,,,,,,
829,332287,lunchmeat ham,100.38749999999999,16.704375,,3.73,,1076.7
830,332314,ham luncheon meat hillshire farms deli select ultra thin,,,,,,
831,332365,ham luncheon meat store brand,,,,,,
832,332568,bartlett pears pass 2 freeze dried regions 1 4 na yes,5.6,,2.8,,2.8,
833,332570,pears bartlett pass 2 regions 1 4 na yes,,,,,,9.0
834,332584,bartlett pears pass 2 freeze dried regions 2 3 na yes,5.0,,2.5,,2.5,
835,332586,pears bartlett pass 2 regions 2 3 na yes,,,,,,14.0
836,332598,olives green manzanilla stuffed with pimentos mario,,,,,,
837,332601,olives green stuffed with pimentos,13.958200000000001,1.15625,4.3333,,4.0,1616.1538
838,332603,olives green manzanilla mario,123.9003,,,13.7667,,
839,332613,olives green manzanilla stuffed with pimentos lindsay,,,,,,
840,332622,olives green manzanilla lindsay,111.14999999999999,,,12.35,,
841,332623,olives green manzanilla stuffed with pimentos store brand,,,,,,
842,332632,olives green manzanilla store brand,109.8,,,12.2,,
843,332705,olives green manzanilla stuffed with pimentos great value,,,,,,
844,332715,olives green manzanilla store brand great value,99.89999999999999,,,11.1,,
845,332754,olives green manzanilla stuffed with pimentos star,,,,,,
846,332771,olives green manzanilla stuffed with pimentos roland,,,,,,
847,332792,chorizo pork sausage mixed brand cooked,330.48749999999995,20.296875,,27.7,,1019.5
848,332820,chorizo pork sausage cooked,,,,,,
849,332846,chorizo pork sausage johnsonville cooked,317.1,15.375,,28.4,,837.0
850,332864,sausage pork chorizo link or ground cooked pan,346.0,19.3,2.63,28.1,,983.0
851,332865,oatmeal cookies with raisins pepperidge farm soft baked,274.91679999999997,5.9624999999999995,30.7667,15.0,3.5,297.6
852,332880,oatmeal cookies with raisins storeother brand,282.0913,5.65625,35.5333,13.7333,3.1333,327.5
853,332903,oatmeal cookies with raisins packaged,,,,,,
854,333010,tomatoes diced canned hunts in,,,,,,
855,333017,tomatoes diced canned hunts ca,,,,,,
856,333018,tomatoes diced canned hunts al,,,,,,
857,333024,tomatoes diced canned hunts co,,,,,,
858,333025,tomatoes diced canned hunts ct,,,,,,
859,333031,tomatoes diced canned hunts nc,,,,,,
860,333039,tomatoes diced canned hunts fl,,,,,,
861,333040,tomatoes diced canned hunts mo,,,,,,
862,333047,tomatoes diced canned hunts ok,,,,,,
863,333048,tomatoes diced canned hunts mi,,,,,,
864,333054,tomatoes diced canned store brand great value al,,,,,,
865,333056,tomatoes diced canned store brand sw premium ca,,,,,,
866,333061,tomatoes diced canned del monte ny,,,,,,
867,333062,tomatoes diced canned del monte nc,,,,,,
868,333069,tomatoes diced canned value time ca,,,,,,
869,333076,tomatoes diced canned del monte ct,,,,,,
870,333078,tomatoes diced canned del monte co,,,,,,
871,333083,tomatoes diced canned del monte mo,,,,,,
872,333084,tomatoes diced canned del monte fl,,,,,,
873,333091,tomatoes diced canned del monte ok,,,,,,
874,333092,tomatoes diced canned del monte mi,,,,,,
875,333098,tomatoes diced canned store brand kroger brand in,,,,,,
876,333099,tomatoes diced canned store brand kroger brand mi,,,,,,
877,333106,tomatoes diced canned store brand great value ok,,,,,,
878,333112,tomatoes diced canned store brand big daisy ct,,,,,,
879,333113,tomatoes diced canned store brand safeway kitchens 100 natural tomatoes co,,,,,,
880,333119,tomatoes diced canned store brand vine ripe nc,,,,,,
881,333120,tomatoes diced canned store brand sunny select ca,,,,,,
882,333127,tomatoes diced canned store brand americas choice ny,,,,,,
883,333128,tomatoes diced canned store brand hytop premium quality ca,,,,,,
884,333133,tomatoes canned diced hunts,,,,,,
885,333138,tomatoes canned,10.2453,0.8925000000000001,,0.7417,,128.3529
886,333174,tomatoes diced canned store brand hy vee diced tomatoes mo,,,,,,
887,333175,tomatoes diced canned store brand publix fl,,,,,,
888,333181,tomatoes canned diced del monte,,,,,,
889,333226,tomatoes canned diced store brand,,,,,,
890,333241,tomatoes canned diced great value,,,,,,
891,333282,haddock raw ct,,,,,,
892,333289,haddock raw iceland kroger haddock fillets co,,,,,,
893,333296,haddock raw imported from china kroger haddock fillets in,,,,,,
894,333302,haddock raw ny,,,,,,
895,333309,haddock raw wild caught,,,,,,
896,333317,haddock raw wild caught in canada nc,,,,,,
897,333323,haddock raw imported from china kroger haddock fillets mi,,,,,,
898,333376,pollock raw ct alaskan pollock,,,,,,
899,333382,pollock raw nc alaskan wild caught wholey alaskan pollock fillets,,,,,,
900,333394,pollock raw mo wild caught product of china matlaws alaska pollock fillets,,,,,,
901,333400,pollock raw co product of china wild caught aqua star alaska pollock fillets,,,,,,
902,333407,pollock raw in wild caught product of china great american seafood pacific pollock fillets,,,,,,
903,333413,pollock raw mi alaska pollock,,,,,,
904,333419,pollock raw ny alaskan scrod fillet,,,,,,
905,333478,tuna canned bumblebee chunk light in water drained solids ca,,,,,,
906,333480,tuna canned bumblebee chunk light in water drained solids nc,,,,,,
907,333497,tuna canned bumblebee chunk light in water drained solids fl,,,,,,
908,333498,tuna canned bumblebee chunk light in water drained solids mo,,,,,,
909,333516,tuna canned bumblebee chunk light in water drained solids in,,,,,,
910,333517,tuna canned bumblebee chunk light in water drained solids ny,,,,,,
911,333534,tuna canned bumblebee chunk light in water drained solids ct,,,,,,
912,333536,tuna canned bumblebee chunk light in water drained solids co,,,,,,
913,333556,tuna canned bumblebee chunk light in water drained solids al,,,,,,
914,333577,vitamin d3 and 25,,,,,,
915,333583,tuna canned bumblebee chunk light in water drained solids mi,,,,,,
916,333586,tuna canned bumblebee chunk light in water drained solids ok,,,,,,
917,333603,tuna canned chicken of the sea chunk light in water drained solids ny,,,,,,
918,333604,tuna canned chicken of the sea chunk light in water drained solids in,,,,,,
919,333622,tuna canned chicken of the sea chunk light in water drained solids nc,,,,,,
920,333623,tuna canned chicken of the sea chunk light in water drained solids va,,,,,,
921,333641,tuna canned chicken of the sea chunk light in water drained solids fl,,,,,,
922,333642,tuna canned chicken of the sea chunk light in water drained solids mo,,,,,,
923,333660,tuna canned chicken of the sea chunk light in water drained solids ct,,,,,,
924,333661,tuna canned chicken of the sea chunk light in water drained solids co,,,,,,
925,333680,tuna canned chicken of the sea chunk light in water drained solids mi,,,,,,
926,333682,tuna canned chicken of the sea chunk light in water drained solids ok,,,,,,
927,333700,tuna canned starkist chunk light in water drained solids ny,,,,,,
928,333701,tuna canned starkist chunk light in water drained solids in,,,,,,
929,333719,tuna canned chicken of the sea chunk light in water drained solids ca,,,,,,
930,333748,tuna canned starkist chunk light in water drained solids ca,,,,,,
931,333749,tuna canned starkist chunk light in water drained solids nc,,,,,,
932,333767,tuna canned starkist chunk light in water drained solids fl,,,,,,
933,333768,tuna canned starkist chunk light in water drained solids mo,,,,,,
934,333786,tuna canned starkist chunk light in water drained solids ct,,,,,,
935,333787,tuna canned starkist chunk light in water drained solids co,,,,,,
936,333806,tuna canned americas choice in water drained solids ny,,,,,,
937,333807,tuna canned kroger in water drained solids in,,,,,,
938,333825,tuna canned starkist chunk light in water drained solids mi,,,,,,
939,333826,tuna canned starkist chunk light in water drained solids ok,,,,,,
940,333845,tuna canned sunny select in water drained solids ca,,,,,,
941,333846,tuna canned my essentials in water drained solids nc,,,,,,
942,333864,tuna canned starkist chunk light in water drained solids al,,,,,,
943,333893,tuna canned great value in water drained solids fl,,,,,,
944,333894,tuna canned midwest country fare in water drained solids mo,,,,,,
945,333912,tuna canned shop rite in water drained solids ct,,,,,,
946,333913,tuna canned safeway in water drained solids co,,,,,,
947,333932,tuna canned kroger in water drained solids mi,,,,,,
948,333933,tuna canned great value in water drained solids ok,,,,,,
949,333951,tuna bumble bee chunk light in water drained solids,,,,,,
950,333960,tuna chunk light canned in water drained solids,82.7147,18.69125,,0.8833,,185.0556
951,333964,tuna canned great value in water drained solids al,,,,,,
952,333966,tuna canned safeway in water drained solids ca,,,,,,
953,334054,tuna chicken of the sea chunk light in water drained solids,,,,,,
954,334127,tuna starkist chunk light in water drained solids,,,,,,
955,334208,domino sugar,,,,,,
956,334241,safeway fine granulated sugar granulated white ca1,,,,,,
957,334247,sugars granulated,385.0,0.0,99.6,0.32,,1.0
958,334462,restaurant chinese sweet and sour pork,260.0,8.88,25.5,13.6,1.0,304.0
959,334464,chinese restaurant fried rice no meat ny1,,,,,,
960,334468,chinese restaurant fried rice no meat in1,,,,,,
961,334472,chinese restaurant fried rice no meat al1,,,,,,
962,334482,chinese restaurant fried rice no meat mo1,,,,,,
963,334483,chinese restaurant fried rice no meat fl1,,,,,,
964,334487,chinese restaurant fried rice no meat nc1,,,,,,
965,334490,chinese restaurant fried rice no meat ca1,,,,,,
966,334496,chinese restaurant fried rice no meat co1,,,,,,
967,334502,chinese restaurant fried rice no meat ca2,,,,,,
968,334518,chinese restaurant fried rice no meat mi1,,,,,,
969,334523,chinese restaurant fried rice no meat ct1,,,,,,
970,334532,chinese restaurant fried rice no meat ok1,,,,,,
971,334546,tamale pork restaurant item ca,,,,,,
972,334548,minerals tamale pork ca,,,,,,482.0
973,334549,cholesterol tamale pork ca,,,,,,
974,334550,starch tamale pork ca,48.6,,12.15,,,
975,334551,tdf tamale pork ca,4.7,,2.35,,2.35,
976,334552,proximates tamale pork ca,121.31,8.46875,,9.715,,
977,334553,sugars tamale pork ca,,,,,,
978,334554,fatty acids tamale pork ca,,,,,,
979,334555,tamale pork restaurant item tx,,,,,,
980,334556,tamale pork restaurant item tonys restaurant and cantina houston tx,,,,,,
981,334559,minerals tamale pork tx,,,,,,412.0
982,334560,cholesterol tamale pork tx,,,,,,
983,334561,starch tamale pork tx,29.2,,7.3,,,
984,334562,tdf tamale pork tx,3.0,,1.5,,1.5,
985,334563,proximates tamale pork tx,68.96000000000001,5.5625,,5.19,,
986,334565,fatty acids tamale pork tx,,,,,,
987,334567,tamale pork restaurant item otaez mexicatessen oakland ca,,,,,,
988,334568,tamale pork restaurant item marias chicago il,,,,,,
989,334582,tamale pork restaurant item el curtido hacienda heights ca,,,,,,
990,334607,tamale pork restaurant item costa del sol restaurant austin tx,,,,,,
991,334629,pupusas bean flat stuffed corn biscuit restaurant item ca,,,,,,
992,334630,pupusas beans restaurant item la original oakland ca,,,,,,
993,334633,pupusas beans restaurant item custcatleco chicago il,,,,,,
994,334636,minerals pupusas bean flat stuffed corn biscuit ca,,,,,,231.0
995,334637,starch pupusas bean flat stuffed corn biscuit ca,86.4,,21.6,,,
996,334638,tdf pupusas bean flat stuffed corn biscuit ca,11.4,,5.7,,5.7,
997,334639,fatty acids pupusas bean flat stuffed corn biscuit ca,,,,,,
998,334640,proximates pupusas bean flat stuffed corn biscuit ca,119.55,5.8125,,10.7,,
999,334641,sugars pupusas bean flat stuffed corn biscuit ca,,,,,,
1000,334642,pupusas bean flat stuffed corn biscuit restaurant item tx,,,,,,
1001,334643,pupusas beans restaurant item tonys restaurant and cantina houston tx,,,,,,
1002,334646,minerals pupusas bean flat stuffed corn biscuit tx,,,,,,741.0
1003,334647,starch pupusas bean flat stuffed corn biscuit tx,94.4,,23.6,,,
1004,334648,tdf pupusas bean flat stuffed corn biscuit tx,11.6,,5.8,,5.8,
1005,334649,fatty acids pupusas bean flat stuffed corn biscuit tx,,,,,,
1006,334650,proximates pupusas bean flat stuffed corn biscuit tx,69.72,6.0,,5.08,,
1007,334651,sugars pupusas bean flat stuffed corn biscuit tx,,,,,,
1008,334662,pupusas beans restaurant item costa del sol restaurant austin tx,,,,,,
1009,334682,pupusas beans restaurant item el curtido hacienda heights ca,,,,,,
1010,334722,beef top loin steak boneless 0 fat trim raw tl033,,,,,,
1011,334723,beef top loin steak boneless 18 fat trim raw tl832,,,,,,
1012,334777,vit d thiamin panto,,,,,,
1013,334778,choline,,,,,,
1014,334783,vit e,,,,,,
1015,334849,beef loin top loin steak boneless lip,155.0,22.8,0.0,6.39,,45.0
1016,334851,beef tenderloin roast cooked tr34,,,,,,
1017,334859,cholesterol fa,,,,,,
1018,334897,beef loin tenderloin roast separable lean only boneless trimmed to 0 fat select cooked roasted,176.0,27.7,0.0,6.36,,54.0
1019,334898,beef round eye of round roast boneless separable lean only trimmed to 0 fat select raw,122.0,23.4,0.0,2.48,,50.0
1020,334900,beef top round roast raw rr39,,,,,,
1021,334901,beef top round steak raw rs38,,,,,,
1022,334963,beef round top round roast boneless separable lean only trimmed to 0 fat select raw,123.0,23.7,0.0,2.41,,55.0
1023,334964,beef t,,,,,,
1024,334966,proximates beef t,211.71069999999997,27.313,,11.3843,,
1025,335061,beef short loin t,219.0,27.3,0.0,11.4,,67.0
1026,335063,beef porterhouse steak raw ph30,,,,,,
1027,335109,beef short loin porterhouse steak separable lean only trimmed to 18 fat select raw,145.0,22.7,0.0,5.32,,43.0
1028,335111,americas choice bread 100 whole wheat ny1,,,,,,
1029,335112,kroger bread 100 whole wheat in1,,,,,,
1030,335138,stroehmann dutch county bread 100 whole wheat ny1,,,,,,
1031,335241,beans dry dark red kidney 11f,266.83630000000005,25.5,40.533300000000004,1.2633,4.3333,
1032,335245,beans dry dark red kidney 0 moisture,270.79,25.9,41.0,1.31,4.3,
1033,335246,beans dry pink 11f,265.76619999999997,24.3368,41.5526,1.2068,4.3263,
1034,335284,beans dry pink 342 0 moisture,268.75,26.0,40.4,1.35,4.5,
1035,335306,beans dry pink 0 moisture,265.0,23.4,42.2,1.2,4.1,
1036,335307,beans dry navy 11f,270.37510000000003,24.6846,42.2616,1.2485,4.3231,
1037,335419,beans dry navy 0 moisture,270.99,24.1,42.4,1.51,4.3,
1038,335420,beans dry light red kidney 11f,264.67,25.0,41.1,1.03,4.5,
1039,335422,beans dry light red kidney 0 moisture,264.67,25.0,41.1,1.03,4.5,
1040,335425,beans dry brown 0 moisture,269.48,25.6,41.300000000000004,1.12,4.1,
1041,335428,beans dry flor de mayo 0 moisture,268.94,23.3,44.0,0.86,4.0,
1042,335429,beans dry carioca 11f,273.17,24.7,42.8,1.33,4.4,
1043,335433,beans dry carioca 0 moisture,266.76,25.2,40.5,1.44,4.5,
1044,335434,beans dry tan 11f,273.0233,26.6333,41.3666,1.0767,4.3333,
1045,335442,beans dry tan 0 moisture,270.26,26.8,40.4,1.14,4.4,
1046,335443,beans dry pinto 11f,267.2113,24.3033,41.9099,1.2311,4.3607,
1047,335695,beans dry pinto 0 moisture,268.16,23.7,42.6,1.24,4.1,
1048,335696,beans dry small red 11f,268.36549999999994,24.1118,42.4353,1.2053,4.3353,
1049,335774,beans dry small red 0 moisture,264.91999999999996,23.5,41.9,1.28,4.1,
1050,335777,beans dry medium red 0 moisture,261.56,25.5,39.699999999999996,1.04,4.3,
1051,335778,beans dry cranberry 11f,260.07,25.5,39.5,1.03,4.6,
1052,335782,beans dry cranberry 0 moisture,262.46999999999997,24.4,40.599999999999994,1.23,4.3,
1053,335783,beans dry light tan 11f,266.37000000000006,24.7,41.1,1.33,4.4,
1054,335785,beans dry light tan 0 moisture,268.92,24.6,41.9,1.28,4.3,
1055,335786,beans dry black 11f,269.25600000000003,24.6655,42.006899999999995,1.2614,4.3931,
1056,335912,beans dry black 0 moisture,265.45,24.4,40.800000000000004,1.45,4.2,
1057,335913,beans dry small white 11f,270.54,26.2,41.1,1.06,4.1,
1058,335927,beans dry small white 0 moisture,268.48,24.5,41.8,1.32,4.3,
1059,335930,beans dry red 0 moisture,262.44,21.3,43.7,1.16,4.0,
1060,335931,beans dry great northern 11f,268.8495,24.48,42.1772,1.2131,4.3486,
1061,336067,beans dry great northern 0 moisture,270.16,24.7,42.199999999999996,1.24,4.3,
1062,746786,burger king,,,,,,
1063,746788,ham,111.7211,19.649375,,3.6804,,1031.913
1064,746822,subway,,,,,,
1065,746830,panera,,,,,,
1066,746845,dunkin donuts,,,,,,
1067,746953,ihop,,,,,,
1068,746955,american cheese,350.66610000000003,17.623125,,31.1304,,1603.2727
1069,746992,mcdonalds,,,,,,
1070,746994,cheese american,350.7072,17.176875,,31.3333,,1458.3333
1071,747014,burger king sliced processed american cheese,,,,,,
1072,747055,chick,,,,,,
1073,747128,dennys,,,,,,
1074,747130,cheese,344.04630000000003,16.670625,,30.8182,,1630.0
1075,747135,applebees,,,,,,
1076,747196,chick fil a,,,,,,
1077,747451,ketchup,9.5006,1.146875,,0.5459,,949.0217
1078,747465,burger king ketchup,,,,,,
1079,747694,egg grade a large white raw fresh,,,,,,
1080,747695,eggs grade a large,,,,,,
1081,747698,eggs whites,42.822500000000005,10.705625000000001,,0.0,,
1082,747709,egg grade a large whole raw fresh,,,,,,
1083,747713,eggs whole,139.2961,12.424375,,9.9554,0.0,128.5909
1084,747739,egg grade a large yolk raw fresh,,,,,,
1085,747742,eggs yolk,324.1686,16.173750000000002,,28.8304,,
1086,748237,canola oil,,,,,,
1087,748241,corn oil,,,,,,
1088,748324,vegetable oil 100 soybean oil,,,,,,
1089,748326,soybean oil,,,,,,
1090,748367,olive oil extra virgin,,,,,,
1091,748970,bacon cooked,485.03589999999997,42.525625,,34.9926,,1875.7143
1092,748976,bacon,498.4076,40.40375,,37.4214,,1816.5957
1093,749044,burger king bacon,,,,,,
1094,749294,panera bacon turkey bravo,,,,,,
1095,789772,butter stick unsalted,733.3874999999999,,,81.4875,,9.75
1096,789829,flour all purpose enriched bleached,57.017199999999995,10.916875,,1.4833,,2.5
1097,789833,flour all,,,,,,
1098,789890,flour wheat all,360.0,12.55,73.9,1.59,3.0,3.0
1099,789891,flour all purpose enriched unbleached,65.7672,13.104375,,1.4833,,3.6667
1100,789952,flour all purpose unenriched unbleached organic,68.76,11.725,3.1,1.74,3.1,2.4
1101,789963,flour all purpose unenriched unbleached,72.9,13.5,2.7,1.5,2.7,3.0
1102,790019,flour whole wheat unenriched organic,100.60000000000001,13.25,9.85,3.1,9.85,3.5
1103,790023,flour whole wheat unenriched,370.0,15.1,71.2,2.586,10.94,3.0
1104,790086,flour bread white enriched unbleached,363.0,14.3,72.8,1.6583,,2.5
1105,790090,flour bread white enriched,,,,,,
1106,790106,flour bread white enriched unbleached organic,69.65,13.8125,,1.6,,3.0
1107,790147,flour rice white,40.84,7.000000000000001,0.48,1.32,0.48,5.2
1108,790151,flour rice white unenriched,359.0,6.94,79.8,1.3,0.5,5.0
1109,790169,flour rice white organic,38.0,6.5,0.6,1.2,0.6,3.0
1110,790174,flour rice whiteunenriched,,,,,,
1111,790215,flour corn yellow fine meal enriched,364.0,6.2,80.8,1.74,4.32,0.0
1112,790219,flour corn enriched,,,,,,
1113,790277,butter stick salted,742.1200000000001,,0.58,82.2,,523.8571
1114,790509,onions red,9.1668,0.9417,2.25,0.1,2.25,1.3333
1115,790578,onions yellow,7.6434,0.8317,1.9333,0.05,1.9333,1.1667
1116,790647,bananas overripe,10.317200000000001,0.729375,2.285,0.2233,1.875,
1117,790745,bananas overripe medium size,2.2,,1.1,,1.1,
1118,790746,bananas unripe medium size,,,,,,
1119,790752,bananas unripe extra large size,,,,,,
1120,790755,bananas slightly ripe medium size,2.4,,1.2,,1.2,
1121,790760,bananas ripe medium size,2.2,,1.1,,1.1,
1122,790766,bananas ripe medium size dehydrated,,,,,,
1123,790768,bananas ripe extra large size,,,,,,
1124,790774,bananas overripe raw,85.0,0.73,20.1,0.22,1.7,
1125,790775,bananas ripe,19.507900000000003,0.75,4.6233,0.2183,1.975,0.0
1126,790836,bananas slightly ripe,28.499000000000002,0.739375,6.4317,0.3683,1.75,
1127,790991,bananas ripe and slightly ripe raw,97.0,0.74,23.0,0.29,1.7,0.0
1128,1104593,garlic,35.4163,6.625,2.7333,0.3833,2.7333,
1129,1104648,flour soy defatted,366.0,51.1,32.9,3.3267,24.2833,2.0
1130,1104706,flour soy full fat organic,349.225,40.28125,,20.9,,0.0
1131,1104716,flour soy full fat,336.775,37.84375,,20.6,,3.25
1132,1104767,flour rice brown organic,60.065,7.062499999999999,,3.535,,1.5
1133,1104776,flour rice brown,365.25,7.19,75.5,4.06,,1.3333
1134,1104813,flour rice glutenous,37.1525,6.666875,,1.165,,6.3333
1135,1104868,flour pastry white unenriched unbleached,49.895999999999994,8.774999999999999,,1.644,,1.0
1136,1104914,onions white,7.0791,0.885625,1.1833,0.13,1.1833,1.6667
1137,1105315,apples red delicious,6.7375,0.1875,2.0375,0.2125,2.0375,0.0
1138,1105430,apples red delicious with skin raw,55.6227,0.1875,14.7817,0.2125,2.0431,0.0
1139,1105431,apples honeycrisp,4.7325,0.101875,1.7125,0.1,1.7125,0.125
1140,1105547,apples honeycrisp with skin raw,54.0332,0.1016,14.6819,0.1,1.7207,0.1375
1141,1105548,apples granny smith,7.325,0.265625,2.5125,0.1375,2.5125,0.0
1142,1105664,apples granny smith with skin raw,52.9581,0.2656,14.143,0.1375,2.5138,0.0
1143,1105665,apples gala,6.08,0.1325,2.1,0.15,2.1,0.25
1144,1105781,apples gala with skin raw,54.8669,0.1328,14.7681,0.15,2.1088,0.2788
1145,1105782,apples fuji,6.2075000000000005,0.14875000000000002,2.075,0.1625,2.075,1.0
1146,1105897,apples fuji with skin raw,58.2031,0.1484,15.6512,0.1625,2.075,1.0126
1147,1750337,soy milk unsweetened plain shelf stable,38.485,3.5469,1.2931,2.125,0.0,34.2833
1148,1750338,almond milk unsweetened plain shelf stable,14.5562,0.5547,0.3371,1.2212,0.0,59.5821
1149,1750344,mushroom lions mane,35.1074,2.5,7.5897,0.2563,4.376,0.3363
1150,1750345,mushroom oyster,33.3197,2.8988,6.9413,0.1875,2.85,1.128
1151,1750346,mushrooms shiitake,36.3916,2.4144,8.1706,0.195,4.1662,0.9363
1152,1750347,mushrooms white button,24.8733,2.8906,4.0794,0.3708,1.7167,6.4433
1153,1750348,oil peanut,840.9042000000001,,,93.4338,,
1154,1750349,oil sunflower,838.6146,,,93.1794,,
1155,1750350,oil safflower,838.8063000000001,,,93.20070000000001,,
1156,1750351,oil olive extra light,836.415,,,92.935,,
1157,1750352,spinach baby,20.7285,2.8519,2.4063,0.6188,1.5575,111.4235
1158,1750353,spinach mature,21.5797,2.9062,2.6414,0.6044,1.588,106.6
1159,1750354,tomato roma,18.9544,0.6956,3.8375,0.425,0.9706,0.0
1160,1750520,mushrooms oyster,18.98,2.898125,2.85,0.1875,2.85,1.1275
1161,1750536,mushrooms lions mane,21.0582,2.5,4.3762,0.2562,4.3762,0.3362
1162,1750616,spinach regular mature,20.2408,2.90625,1.5881,0.6044,1.5881,106.6437
1163,1750648,tomatoes roma,8.5487,0.6956249999999999,0.9706,0.425,0.9706,0.0
1164,1757383,,,,,,,
1165,2003586,flour 00,64.5849,11.398125,2.6562,1.52,2.6562,0.0
1166,2003587,flour spelt whole grain,99.44990000000001,14.4725,9.3387,2.5425,9.3387,0.0
1167,2003589,flour semolina fine,77.2162,13.328124999999998,3.6831,1.8375,3.6831,0.4263
1168,2003606,mushrooms portabella,17.563699999999997,2.75,1.8792,0.3117,1.8792,5.3117
1169,2003618,mushrooms king oyster,18.4101,2.40625,3.0088,0.3075,3.0088,0.7712
1170,2003634,mushrooms hon,19.042,2.18,3.1387,0.4494,3.1387,0.8913
1171,2003650,mushrooms crimini,17.7069,3.09375,1.7808,0.1967,1.7808,4.5717
1172,2003662,mushrooms maitake,17.3387,2.203125,3.0706,0.265,3.0706,0.345
1173,2003678,mushrooms pioppini,21.665000000000003,3.5000000000000004,2.7525,0.24,2.7525,0.0
1174,2003694,mushrooms enoki,17.7625,2.416875,2.945,0.245,2.945,0.4167
1175,2003706,apple juice from concentrate with added vitamin c shelf stable,2.9216999999999995,0.08625,,0.2863,,4.8719
1176,2003722,grape juice purple from concentrate with added vitamin c shelf stable,3.62,0.25812500000000005,,0.2875,,4.0187
1177,2003738,grape juice white from concentrate with added vitamin c shelf stable,2.7600000000000002,0.09375,,0.265,,7.1875
1178,2003754,orange juice refrigerated no pulp not fortified,6.4567,0.8125,,0.3563,,0.075
1179,2003770,orange juice refrigerated no pulp not fortified from concentrate,5.862500000000001,0.734375,,0.325,,5.2309
1180,2003786,grapefruit juice red refrigerated not fortified not from concentrate,4.6821,0.5700000000000001,,0.2669,,1.0309
1181,2003802,cranberry juice shelf stable from concentrate not fortified,3.0375,0.0,,0.3375,,6.3413
1182,2003818,tomato juice shelf stable from concentrate with added ingredients,6.025,0.8593750000000001,,0.2875,,235.5625
1183,2003882,flour semolina coarse,65.2359,11.270624999999999,3.1467,1.54,3.1467,0.0
1184,2003884,flour semolina semi,70.1997,12.1875,3.285,1.6533,3.285,0.0
1185,2257048,soy milk refrigerated sweetened,28.721400000000003,2.776875,,1.9571,0.0,39.4429
1186,2257076,almond milk refrigerated unsweetened,16.642500000000002,0.65625,,1.5575,0.0,59.22
1187,2257104,oat milk refrigerated unsweetened,27.9258,0.796875,,2.7487,0.0,41.9844
1188,2258586,carrots mature raw,13.110400000000002,0.94125,3.095,0.3506,3.095,86.65
1189,2258588,peppers bell green raw,5.6996,0.715,0.9419,0.1062,0.9419,0.0
1190,2258589,peppers bell yellow raw,5.9129,0.78125,0.9606,0.0963,0.9606,0.0
1191,2258590,peppers bell red raw,6.5114,0.8049999999999999,1.1732,0.105,1.1732,0.0
1192,2258591,peppers bell orange raw,6.4242,0.820625,0.8621,0.1575,0.8621,0.0
1193,2258593,carrots baby raw peeled,9.845099999999999,0.8049999999999999,2.6938,0.1375,2.6938,62.6625
1194,2258657,peppers bell orange raw mini,10.379999999999999,1.375,1.81,0.14,1.81,0.0
1195,2258675,peppers bell red raw mini,11.19,1.625,1.04,0.29,1.04,0.0
1196,2258693,peppers bell yellow raw mini,11.28,1.125,1.95,0.32,1.95,0.0
1197,2259795,cheese parmesan grated refrigerated,383.5875,29.5275,,29.4975,,1045.875
1198,2259796,cheese feta whole milk crumbled,248.90040000000002,19.305,,19.0756,,1033.5
1199,2259798,buttermilk lowfat,23.3092,3.394375,,1.0813,,92.4938
1200,2259814,yogurt greek whole milk plain,73.9396,8.5975,,4.3944,,33.7563
1201,2259830,yogurt whole milk plain,55.3446,3.7462500000000003,,4.4844,,41.7812
1202,2261422,flour potato,302.4652,8.109375,68.0668,0.9513,5.4006,47.6562
1203,2261424,flour whole grain oat,344.022,13.168125,63.8931,6.3087,10.5006,3.6187
1204,2261440,flour almond blanched,575.5379,26.242500000000003,9.2656,50.2263,9.2656,0.8944
1205,2262072,peanut butter creamy,567.3929,27.460625,6.3231,49.4338,6.3231,220.6875
1206,2262074,almond butter creamy,597.1428999999999,25.078125,9.7181,53.0438,9.7181,0.9962
1207,2262109,sesame seed butter tahini creamy,671.2588,23.234375,8.3719,62.3975,8.3719,63.625
1208,2262125,ground flaxseed meal,466.8451,21.265625,23.1313,37.28,23.1313,36.7375
1209,2263888,raspberries raw,51.4124,1.0081,12.9044,0.1875,,0.0
1210,2263889,blueberries raw,57.3846,0.7031,14.5718,0.3063,,0.0
1211,2263890,grapes red seedless raw,77.1519,0.9144,20.1968,0.1638,,6.999
1212,2263891,grapes green seedless raw,71.9393,0.8988,18.6038,0.2325,,3.171
1213,2263892,applesauce unsweetened with added vitamin c,46.4205,0.2734,12.2616,0.1625,,0.5038
1214,2263894,strawberries fresh raw,4.5425,0.640625,,0.22,,0.0
1215,2263910,raspberries fresh raw,5.72,1.008125,,0.1875,,0.0
1216,2263926,grapes red seedless fresh raw,5.1292,0.91375,,0.1638,,6.9994
1217,2263942,grapes green seedless fresh raw,5.6850000000000005,0.898125,,0.2325,,3.1712
1218,2263958,blueberries fresh raw,5.5692,0.703125,,0.3063,,0.0
1219,2263974,applesauce unsweetened with vit c added,2.5575,0.27375,,0.1625,,0.5037
1220,2346388,lettuce iceberg raw,3.6333,0.7425,,0.0737,,16.1125
1221,2346389,lettuce romaine green raw,4.5467,0.9762500000000001,,0.0713,,23.0
1222,2346390,lettuce leaf red raw,4.485799999999999,0.8825,,0.1062,,24.8875
1223,2346391,lettuce leaf green raw,5.7808,1.09375,,0.1562,,28.875
1224,2346392,nuts pine nuts raw,633.385,18.515625,3.9413,61.2711,3.9413,0.0
1225,2346396,oats whole grain rolled old fashioned,346.94999999999993,14.46875,64.225,5.89,10.4175,0.6675
1226,2346397,oats whole grain steel cut,349.3401999999999,13.413749999999999,66.8463,5.8,11.95,0.3113
1227,2346398,pineapple raw,5.615,0.46125000000000005,0.9346,0.2112,0.9346,0.0
1228,2346401,potatoes russet without skin raw,42.185,2.27375,14.925,0.36,14.925,2.7425
1229,2346402,potatoes red without skin raw,38.052499999999995,2.0625,13.7875,0.2475,13.7875,2.8563
1230,2346403,potatoes gold without skin raw,37.2733,1.8124999999999998,13.825,0.2637,13.825,2.2375
1231,2346404,sweet potatoes orange flesh without skin raw,18.5701,1.578125,4.4413,0.375,4.4413,0.0
1232,2346405,celery raw,3.4325,0.4925,,0.1625,,97.2125
1233,2346407,cabbage green raw,5.890000000000001,0.9606250000000001,,0.2275,,16.095
1234,2346408,cabbage red raw,6.8933,1.2425,,0.2137,,11.7212
1235,2346416,cottage cheese 4 milkfat small curd,84.5392,11.58625,,4.2438,,352.6875
1236,2346432,cottage cheese 4 milkfat large curd,79.725,10.59375,,4.15,,338.0
1237,2346436,cream cheese block full fat,324.13079999999997,5.671875,,33.4937,,367.75
1238,2346452,heavy cream,327.97,1.9768750000000002,,35.5625,,20.6125
1239,2346468,sour cream full fat,173.8975,3.008125,,17.985,,50.0375
1240,2346564,nuts almonds raw whole,584.9049000000001,25.883125,10.7812,51.09,10.7812,0.0
1241,2346580,nuts walnuts english raw halves,706.7674999999999,17.171875,5.21,69.74,5.21,0.0
1242,2346596,nuts pecans raw halves,718.1022,11.741875,5.7925,73.2833,5.7925,0.0
1243,2346644,green beans raw,16.3724,1.96875,3.0112,0.275,3.0112,0.0
1244,2346660,cherries dark red sweet raw,5.89,1.039375,,0.1925,,0.0
1245,2346772,cucumber with skin raw,4.0975,0.625,,0.1775,,1.515
1246,2512378,buckwheat whole grain,329.3082,11.859375,65.6537,3.0387,4.0462,0.0
1247,2512379,millet whole grain,354.17589999999996,10.742500000000001,69.675,4.1937,2.6187,0.0
1248,2512383,amaranth flour,349.73659999999995,14.109374999999998,62.897499999999994,6.2363,7.2088,0.0
1249,2512431,quinoa flour,355.5019,12.78125,64.3888,6.6013,6.295,6.3212
1250,2512447,brown rice long grain unenriched,352.68360000000007,7.617500000000001,74.6251,3.3062,3.0213,0.0
1251,2512463,white rice long grain unenriched,336.593,7.390625000000001,74.50750000000001,1.0331,0.1487,0.4625
1252,2512479,sorghum flour,344.85639999999995,8.866875,72.28739999999999,3.5863,6.0187,0.0
1253,2512495,buckwheat flour,317.14889999999997,9.523125,69.34989999999999,2.4838,10.3487,0.0
1254,2512511,rye flour,296.94509999999997,9.0,67.7838,1.9075,13.6788,0.0
1255,2512527,barley flour,312.47510000000005,9.351875,69.6513,2.45,12.7938,20.3275
1256,2512543,cassava flour,336.9441,0.984375,84.55749999999999,0.4938,4.8338,13.0838
1257,2514745,pork ground raw,228.61239999999998,17.803749999999997,,17.4886,,53.6286
1258,2514747,turkey ground 93 lean 7 fat raw,155.69670000000002,17.34375,,9.5913,,80.175
1259,2514749,beef ground grass,189.826,18.175,,13.014,,59.82
1260,2514751,beef ground 90 lean 10 fat raw,192.305,18.21875,,13.27,,62.675
1261,2514765,beef ground 80 lean 20 fat raw,249.7138,17.393125,,20.0157,,54.6857
1262,2514795,chicken ground breast meat only raw,109.065,21.28125,,2.66,,43.05
1263,2514797,chicken ground raw,145.12279999999998,16.791875,,8.6617,,69.5833
1264,2515376,peanuts raw,511.7641,26.5625,8.0137,43.2763,8.0137,1.4925
1265,2515384,brazil nuts raw,597.6934,17.21125,5.9838,57.4312,5.9838,0.0
1266,2515400,cashews raw,440.1966,20.570625,4.1037,38.8563,4.1037,4.7588
1267,2515416,pumpkin seeds pepitas raw,511.52340000000004,35.265625,5.0788,40.0337,5.0788,0.0
1268,2515432,hazelnuts raw,561.8875,15.914375,8.41,53.49,8.41,0.0
1269,2515448,macadamia nuts raw,636.2375000000001,9.180000000000001,7.5625,64.9325,7.5625,0.0
1270,2515464,pistachio nuts raw,515.8234,24.179375,6.9688,45.0187,6.9688,0.0
1271,2515480,sunflower seed kernels raw,539.4107999999999,22.258125,7.215,48.4387,7.215,0.0
1272,2515496,coconut flour,282.1308,19.03125,34.2375,15.2812,34.2375,46.9375
1273,2515528,chestnut flour,84.08659999999999,6.234375,8.7112,4.6363,8.7112,0.0
1274,2644281,beans cannellini dry,225.5183,21.5625,29.87,2.1987,,0.0
1275,2644283,lentils dry,259.077,23.464375,36.9914,1.9171,,0.0
1276,2644284,blackeye pea dry,256.18149999999997,21.226875,37.3762,2.4188,,3.4575
1277,2644312,beans chickpeasgarbanzos dry,278.1083,21.27375,34.1375,6.2737,,8.7788
1278,2644332,lentils brown dry,267.51,24.3125,38.11,1.98,,0.0
1279,2644360,beans black canned sodium added,99.7873,6.91375,18.5137,1.2725,6.6875,217.925
1280,2644376,beans navy canned sodium added,100.85,6.570625,18.9225,1.3975,6.85,190.125
1281,2644392,beans cannellini canned sodium added,99.036,7.414375,18.0963,1.1687,6.7625,164.025
1282,2644408,beans chick peasgarbanzos canned sodium added,119.0335,7.015625,18.7388,3.0962,5.925,201.7
1283,2644424,beans kidney dark red canned sodium added sugar added,105.14920000000001,7.796875,19.17,1.2563,7.0125,172.3375
1284,2644440,beans kidney light red canned sodium added sugar added,108.1367,7.304375,20.5075,1.2988,7.4,158.4875
1285,2644456,peas green sweet canned sodium added sugar added,59.15,4.734375,10.435,1.1525,5.95,207.4
1286,2644472,beans pinto canned sodium added,98.91899999999998,6.695625,18.7287,1.2663,7.0875,201.55
1287,2644488,beans blackeye pea canned sodium added,102.24440000000001,6.921875,17.8913,1.2963,4.3375,226.6875
1288,2644504,beans great northern canned sodium added,100.061,7.03125,18.5913,1.2662,6.9125,223.1375
1289,2646177,pork loin boneless,169.6892,21.1175,,9.4688,,40.2
1290,2646193,pork tenderloin boneless,121.4017,21.578125,,3.8988,,41.3875
1291,2646209,chicken breast boneless skinless,107.4992,22.52375,,1.9338,,65.75
1292,2646225,chicken thighs boneless skinless,145.6833,18.609375,,7.9162,,62.325
1293,2646241,beef ribeye steak boneless,255.285,18.7425,,20.035,,42.5375
1294,2646257,beef top round boneless,137.2275,21.47625,,5.7025,,45.5375
1295,2646273,beef chuck roast boneless,233.7833,18.39875,,17.7987,,48.4375
1296,2646289,beef flank steak,165.1183,20.1325,,9.3987,,51.3
1297,2647437,yogurt plain nonfat,17.35,4.140625,,0.0875,,51.475
1298,2647461,monterey jack cheese block,382.295,22.15625,,32.63,,662.1875
1299,2647477,american pasteurized process cheese food sliced individually wrapped,303.16499999999996,14.625,,27.185,,1425.0
1300,2647481,american pasteurized prepared cheese product with added vitamin d sliced individually wrapped,261.645,15.140625,,22.3425,,1432.5
1301,2647483,american pasteurized process cheese product sliced individually wrapped,290.04999999999995,16.9375,,24.7,,1300.0
1302,2647487,american pasteurized process cheese food with added vitamin d sliced individually wrapped,262.96000000000004,15.25,,22.44,,1480.0
1303,2647493,provolone cheese sliced non,345.8872,23.104374999999997,,28.1633,,586.0
1304,2647505,provolone cheese sliced smoked,342.46500000000003,22.59375,,28.01,,645.5
1305,2647509,oaxaca,285.6575,21.695,,22.0975,,734.1875
1306,2647525,fresco solid,284.2058,18.5,,23.3562,,626.5
1307,2647541,cotija solid,338.5912,23.348125,,27.2443,,1625.0
1308,2684448,shrimp farm raised raw tail off head off shell removed not deveined 3140 count,59.45000000000001,13.625000000000002,,0.55,,637.0
1309,2684450,shrimp farm raised raw tail off head off shell removed not deveined 2125 count,67.625,15.21875,,0.75,,498.25
1310,2684452,shrimp farm raised raw tail off head off shell removed not deveined 3640 count,87.58,18.8125,,1.37,,113.0
1311,2684454,shrimp farm raised raw tail off head off shell removed not deveined 2630 count,68.41499999999999,15.421874999999998,,0.7475,,513.25
1312,2684464,salmon sockeye wild caught raw skin removed,133.6142,22.296875,,4.9363,,53.3
1313,2684480,salmon atlantic farm raised raw skin removed,199.26170000000002,20.320625,,13.1088,,49.4875
1314,2684496,tilapia farm raised raw skin removed,98.3092,19.0,,2.4788,,93.6625
1315,2684512,cod atlantic wild caught raw skin removed,70.28999999999999,16.070625,,0.6675,,298.825
1316,2684528,catfish farm raised raw skin removed,131.64249999999998,16.46875,,7.3075,,60.5125
1317,2684544,crab blue swimming lump pasteurized refrigerated,81.8625,18.64875,,0.8075,,331.3125
1318,2685573,cauliflower raw,12.594999999999999,1.640625,1.9475,0.2375,1.9475,20.0
1319,2685574,collards raw,26.4376,2.96875,3.8163,0.77,3.8163,18.41
1320,2685575,brussels sprouts raw,30.592499999999998,3.9843749999999996,4.785,0.565,4.785,25.7387
1321,2685576,beets raw,15.709900000000001,1.6875,3.1187,0.3025,3.1187,111.6375
1322,2685578,tomatoes whole canned solids and liquids with salt added,7.0708,0.8675,0.8725,0.2062,0.8725,111.5
1323,2685579,tomato sauce canned with salt added,12.119900000000001,1.35125,1.6362,0.3825,1.6362,416.875
1324,2685580,tomato paste canned without salt added,32.4627,4.125,4.7157,0.7257,4.7157,63.0714
1325,2685584,squash zucchini raw,7.2875,0.984375,0.7525,0.205,0.7525,0.0
1326,2685600,squash yellow raw,6.6899,0.8906249999999999,0.9562,0.135,0.9562,0.0
1327,2685616,squash butternut raw,10.0174,1.148125,1.9587,0.1675,1.9587,0.0
1328,2685632,squash acorn raw,11.9125,1.25,2.635,0.1825,2.635,0.0
1329,2685648,bok choy regular not baby raw,8.7168,1.02375,1.2588,0.2338,1.2588,14.2737
1330,2685728,eggplant italian raw,9.3825,0.851875,2.4475,0.12,2.4475,0.4425
1331,2685778,tomato paste canned double,36.26,5.0,4.62,0.78,4.62,47.7
1332,2685792,tomatoes crushed canned salt added,13.0948,1.401875,1.9243,0.4043,1.9243,156.2143
1333,2685794,tomatoes crushed canned no salt added,14.06,1.6875,2.08,0.35,2.08,24.9
1334,2685808,tomato puree canned no salt added,11.871000000000002,1.50875,1.8443,0.2386,1.8443,10.84
1335,2685820,tomato puree canned salt added,18.02,2.0625,2.86,0.45,2.86,159.0
1336,2710820,bulgur dry raw,341.4967,11.7575,74.03,2.4213,11.7225,2.18
1337,2710821,wild rice dry raw,349.6183,12.788749999999999,72.91250000000001,1.7037,4.26,1.0137
1338,2710822,arugula baby raw,14.0775,1.6481249999999998,2.28,0.325,2.28,86.9338
1339,2710825,rice black unenriched raw,354.9697,7.57,75.5274,3.4375,4.1787,0.0
1340,2710828,farro pearled dry raw,343.4648,13.546875,68.9937,3.1025,7.31,0.845
1341,2710829,fonio grain dry raw,361.20500000000004,7.1693750000000005,80.4214,1.6929,2.1971,2.9671
1342,2710831,kiwifruit kiwi green peeled raw,14.0501,1.008125,2.1288,0.64,2.1288,2.275
1343,2710832,mandarin seedless peeled raw,10.929999999999998,1.039375,1.3275,0.4575,1.3275,0.0
1344,2710838,rice red unenriched dry raw,356.8502,8.5625,75.00880000000001,3.44,4.1975,0.4375
1345,2710839,sorghum bran white unenriched dry raw,328.8497,11.169374999999999,67.6837,9.2586,34.945,2.915
1346,2710840,sorghum flour white pearled unenriched dry raw,355.2501,10.21125,72.9663,3.2375,3.2988,0.0
1347,2710841,sorghum grain white pearled unenriched dry raw,361.05219999999997,10.25,74.6249,3.265,3.9162,0.0
1348,2710842,sorghum whole grain white dry raw,357.15389999999996,10.078125,73.8549,4.2188,8.2737,0.3287
1349,2710845,melons honeydew flesh only raw,4.0708,0.53125,,0.2162,,21.1463
1350,2710861,plantains green unripe peeled raw,127.14250000000001,1.229375,30.28,0.685,2.53,0.0
1351,2710873,plantains yellow ripe peeled raw,71.3815,1.15625,15.7417,0.8933,2.125,0.0
1352,2710885,plantains black overripe peeled raw,46.91409999999999,1.166875,9.23,0.99,1.7917,0.0
1353,2710961,einkorn grain wheat berry dry raw,341.8682999999999,16.203125,65.145,3.8112,8.9125,0.0
1354,2710977,khorasan grain wheat berry dry raw,338.21479999999997,15.82,67.69369999999999,2.8,10.52,3.9363
1355,2711041,chia seeds whole dry raw,376.215,20.0625,,32.885,,0.0
1356,2711103,corn flour masa harina white dry raw,354.48310000000004,7.75,74.24000000000001,4.6233,7.5433,3.69
1357,2711107,corn flour masa harina yellow dry raw,350.79690000000005,7.375,74.4633,4.0567,6.5333,1.7767
1358,2711115,mango tommy atkins peeled pit removed raw,10.907499999999999,0.5625,1.7525,0.5725,1.7525,0.0
1359,2711131,avocado hass peeled pit removed raw,190.0283,1.8124999999999998,,20.3087,,0.0
1360,2711147,apricot with skin pitted raw,10.5075,0.9606250000000001,1.51,0.405,1.51,0.0
1361,2711193,asparagus green whole spear raw,11.4608,1.4375,1.8825,0.2162,1.8825,2.46
1362,2711225,mango ataulfo peeled pit removed raw,11.4593,0.6875,1.2888,0.6813,1.2888,0.0
1363,2711241,pear anjou green with skin seeded core removed raw,9.8641,0.3125,2.6362,0.3713,2.6362,0.3975
1364,2711257,corn sweet yellow and white kernels husked kernels cut off raw,46.955799999999996,2.78875,6.505,1.6262,2.4275,0.0
1365,2711273,plum black with skin pitted raw,7.5474,0.578125,1.3462,0.2825,1.3462,0.0
1366,2727566,chicken drumstick meat and skin raw,126.875,18.353749999999998,,5.94,,90.975
1367,2727567,chicken thigh meat and skin raw,188.5433,17.106875,,13.3462,,63.55
1368,2727568,chicken wing meat and skin raw,169.4142,18.404999999999998,,10.6438,,84.1375
1369,2727569,chicken breast meat and skin raw,128.6078,21.404375,,4.7767,,48.0667
1370,2727570,lamb ground raw,237.5675,17.463124999999998,,18.635,,53.45
1371,2727571,bison ground raw,159.4375,19.879375,,8.88,,55.7
1372,2727572,beef short loin ny strip steak raw,189.105,21.322499999999998,,11.535,,43.0875
1373,2727573,beef tenderloin steak raw,142.4708,21.09125,,6.4562,,44.85
1374,2727574,beef top sirloin steak raw,139.26999999999998,21.975624999999997,,5.7075,,42.85
1375,2727575,pork chop center cut raw,140.515,22.81,,5.475,,39.3
1376,2727576,pork belly with skin raw,383.275,15.20125,,35.83,,49.7
1377,2727577,pawpaw peeled seeded raw,17.3617,1.151875,4.8171,,3.2571,0.3514
1378,2727578,squash pie pumpkin peeled seeded raw,8.0425,0.8543749999999999,2.3125,,2.3125,0.3125
1379,2727579,squash spaghetti peeled seeded raw,6.0175,0.791875,1.425,,1.425,0.3125
1380,2727580,rutabaga peeled raw,9.425,0.8875,2.9375,,2.9375,4.5913
1381,2727581,blackberries raw,16.73,1.52625,5.3125,,5.3125,1.5475
1382,2727582,tomatillos dehusked raw,7.7075000000000005,1.064375,1.725,,1.725,0.3113
1383,2727583,cabbage napa leaf destemmed raw,6.705,1.06375,1.225,,1.225,12.6525
1384,2727584,leeks bulb and greens root removed raw,11.82,1.4675,2.975,,2.975,17.6575
1385,2727585,green onion scallion bulb and greens root removed raw,7.25,0.66875,2.2875,,2.2875,9.9475
1386,2727586,shallots bulb peeled root removed raw,9.96,1.3775000000000002,2.225,,2.225,3.6362
1387,2727588,juice pomegranate from concentrate shelf,,0.0,,,,4.0375
1388,2727589,juice tart cherry from concentrate shelf,0.5875,0.146875,,,,1.3625
1389,2727799,juice prune water extract of dried prunes shelf,2.6325000000000003,0.6581250000000001,,,,4.35
1390,2727801,juice prune water extract of dried prunes from concentrate shelf,2.0650000000000004,0.5162500000000001,,,,15.2925
1391,2727805,juice prune from concentrate shelf,,0.0,,,,6.215
1392,2747652,anchovies canned in olive oil with salt drained,196.4297,26.937499999999996,,9.8533,,5403.3333
1393,2747653,beet greens raw,16.445800000000002,1.609375,3.4675000000000002,0.1437,2.5775,280.5412
1394,2747654,cod pacific or alaskan frozen wild caught,58.744,14.2,,0.216,,353.9
1395,2747655,fennel bulb raw,21.8253,0.921875,5.2425999999999995,0.14,2.0463,49.025
1396,2747656,halibut frozen wild caught,81.5753,19.0625,,0.5917,,108.2833
1397,2747657,lobster tail only frozen wild caught,55.280300000000004,12.995000000000001,,0.3667,,508.8333
1398,2747658,mahi mahi frozen wild caught,82.5578,19.791875,,0.3767,,51.9333
1399,2747659,parsnips raw,62.702799999999996,1.265625,15.875,0.5381,5.3513,0.4913
1400,2747660,peppers banana or hungarian wax seeded raw,18.500700000000002,0.723125,4.5014,0.1314,1.79,0.0
1401,2747661,peppers jalapeno seeded raw,18.085700000000003,0.62125,4.428100000000001,0.1487,1.725,0.0
1402,2747662,peppers poblano seeded raw,22.2803,1.425625,4.7506,0.1906,2.07,0.0
1403,2747663,peppers serrano seeded raw,19.8281,0.855625,5.0457,0.1406,2.5213,0.0
1404,2747664,radicchio raw,19.7329,1.30875,4.3594,0.1431,2.1138,8.0762
1405,2747665,radishes red raw,16.5751,0.65625,3.9574,0.0831,1.3137,51.1625
1406,2747666,scallops bay patagonian frozen wild caught,69.31530000000001,16.385625,,0.4192,,252.4167
1407,2747667,scallops sea frozen wild caught,58.482200000000006,13.510625000000001,,0.4933,,313.0
1408,2747668,sea bass chilean frozen wild caught,208.86,14.926875,,16.5725,,109.3667
1409,2747669,snapper frozen wild caught,87.7678,20.66125,,0.5692,,93.0583
1410,2747670,snow crab legs only frozen,64.7928,15.536249999999999,,0.2942,,728.5
1411,2747671,squid calamari frozen tubes only,40.1872,8.8075,,0.5508,,271.9167
1412,2747672,swordfish frozen wild caught,150.04000000000002,19.234375,,8.1225,,56.8667
1413,2747673,tuna ahi or yellowfin frozen wild caught,102.28,24.698125,,0.3875,,94.3667
1414,2747674,turnips raw,29.0756,0.953125,7.0062,0.1187,1.915,12.8
1415,2747675,watermelon seedless flesh only raw,32.272600000000004,0.87125,7.1969,,,0.0
1416,2747676,watermelon seedless rind only raw,22.758699999999997,0.53125,3.7531,0.9657,1.535,3.7625
